question,type_question,avg,min,max,range,sd,Afghanistan,Algeria,Angola,Argentina,Australia (Western),Azerbaijan,Bahrain,Bangladesh,Bolivia,Botswana,Brazil,Burkina Faso,Cambodia,Cameroon,Canada (Alberta),Chad,Chile,China,Colombia (mining),Colombia (oil and gas),Congo,Côte d'Ivoire,Cuba,DRC (mining),DRC (oil and gas),Ecuador,Egypt,Equatorial Guinea,Eritrea,Ethiopia,Gabon,Ghana (mining),Ghana (oil and gas),Guatemala,Guinea,India,Indonesia (mining),Indonesia (oil and gas),Iran,Iraq,Kazakhstan,Kuwait,Kyrgyz Republic,Lao PDR,Liberia,Libya,Madagascar,Malaysia,Mali,Mauritania,Mexico (mining),Mexico (oil and gas),Mongolia,Morocco,Mozambique,Myanmar (mining),Myanmar (oil and gas),Niger,Nigeria,Norway,Oman,Papua New Guinea,Peru,Philippines,Qatar,Russia,Saudi Arabia,Sierra Leone,South Africa,South Sudan,Sudan,Tanzania (mining),Tanzania (oil and gas),Timor-Leste,Trinidad and Tobago,Tunisia (oil and gas),Tunisia (mining),Turkmenistan,Uganda,Ukraine,United Arab Emirates,United Kingdom,USA (Gulf of Mexico),Uzbekistan,Venezuela,Vietnam,Yemen,Zambia,Zimbabwe
2017 RESOURCE GOVERNANCE INDEX,Index,47.50602247,10.264,85.823,Oct-86,15.77661406,34.239,33.226,35.476,56.85,70.571,46.703,38.641,36.174,53.577,61.014,70.782,59.088,29.55,54.078,74.975,33.749,81.344,54.809,69.321,70.752,39.288,55.156,36.255,32.993,25.399,53.91,38.51,21.579,10.264,40.306,36.42,56.448,66.847,41.184,38.016,69.881,68.34,68.33,38.099,38.222,56.006,53.85,50.709,37.558,43.528,17.875,35.901,55.506,53.309,28.835,59.855,61.074,63.612,51.71,50.205,27.447,31.004,53.985,41.529,85.823,50.418,46.881,62.125,58.199,42.782,44.609,35.746,45.616,56.546,31.697,20.968,49.085,52.65,49.054,63.996,55.663,45.721,10.593,43.683,48.678,41.791,77.474,74.407,29.211,33.201,48.481,29.686,50.377,29.011
1) VALUE REALIZATION,Component,49.72950562,11.166,76.781,Nov-77,14.1028628,58.426,40.288,50.175,58.188,65.437,48.74,26.924,39.422,60.565,40.375,62.234,66.484,30.865,59.31,69.317,39.116,73.647,51.538,58.905,59.366,44.592,59.796,29.051,52.133,43.597,51.379,44.655,29.449,15.475,45.718,18.208,61.482,65.438,42.139,53.208,74.759,64.26,64.229,35.535,51.906,53.324,43.889,57.369,41.532,59.097,26.833,35.521,48.756,48.25,40.504,61.909,64.357,63.342,56.035,65.696,32.994,43.664,55.154,50.075,76.781,31.696,50.456,68.131,55.273,32.688,46.688,23.176,62.315,49.875,42.411,26.402,54.034,64.729,48.994,63.665,60.211,40.385,11.166,42.226,61.167,31.897,69.893,66.444,40.354,48.354,56.722,50.253,57.68,37.228
1.1) LICENSING,Sub-Component,36.95766292,3.889,71.5,Apr-72,17.01197179,45.833,36.833,45.667,35.833,56.25,28,9.167,24.333,30.417,17.5,60.833,65.167,9.5,31.333,36.583,24,51.167,43.917,58.5,57.417,32,39.417,16.481,64.333,45.556,38.25,48.167,29.333,24.815,30,17.667,62.167,48.667,30.167,62.417,39.083,36.833,40.583,34.722,35.333,29.5,20,62.417,16.5,49.583,6.667,7,21.333,30.167,26,51.917,55.75,61.417,27.037,71.5,4.333,24,40.833,17.407,49.333,21.833,39.333,58.5,55.75,15.185,30.583,17.037,44.444,28,33.333,14.75,50.333,48.148,52.167,53,47.833,42.833,3.889,34.5,67,19.667,61.167,65.583,23.167,17.833,37.167,28.095,46.667,14.5
1.1.1) RESERVES DISCLOSURE,Practice Indicator,53.14401136,0,93.333,0-93,34.54638566,56.667,76.667,50,93.333,90,76.667,0,76.667,70,0,83.333,0,0,70,86.667,70,70,76.667,0,76.667,0,0,0,65,65,0,70,0,56.667,50,0,76.667,83.333,0,76.667,76.667,76.667,76.667,70,76.667,70,70,76.667,0,70,0,0,80,0,76.667,80,93.333,76.667,75,70,0,70,0,76.667,93.333,76.667,0,70,70,70,0,86.667,65,70,70,0,76.667,76.667,56.667,70,76.667,76.667,0,70,70,80,70,93.333,0,83.333,76.667,.,0,0
1.1.1a) Reserves volume disclosure,Practice Question,60.68181818,0,100,0-100,39.1224266,100,100,80,100,80,80,0,80,80,0,100,0,0,80,80,80,80,80,0,80,0,0,0,80,80,0,80,0,100,80,0,100,100,0,80,80,80,80,80,80,80,80,100,0,80,0,0,80,0,80,80,100,80,100,80,0,80,0,80,100,80,0,80,80,80,0,80,80,80,80,0,100,80,100,80,80,80,0,80,80,80,80,100,0,100,80,.,0,0
1.1.1b) Reserves disclosure timeliness,Practice Question,58.80952381,0,100,0-100,42.60790022,20,80,20,100,100,100,0,100,80,0,100,0,0,80,100,80,80,100,0,100,0,0,0,.,.,0,80,0,20,20,0,80,100,0,100,100,100,100,80,100,80,80,80,0,80,0,0,80,0,100,80,100,100,.,80,0,80,0,100,100,100,0,80,80,80,0,100,.,80,80,0,80,100,20,80,100,100,0,80,80,80,80,80,0,100,100,.,0,0
1.1.1c) Reserves disclosure machine-readability,Practice Question,39.54545455,0,100,0-100,27.16103916,50,50,50,80,90,50,0,50,50,0,50,0,0,50,80,50,50,50,0,50,0,0,0,50,50,0,50,0,50,50,0,50,50,0,50,50,50,50,50,50,50,50,50,0,50,0,0,80,0,50,80,80,50,50,50,0,50,0,50,80,50,0,50,50,50,0,80,50,50,50,0,50,50,50,50,50,50,0,50,50,80,50,100,0,50,50,.,0,0
1.1.2) CADASTER,Practice Indicator,34.64147674,0,100,0-100,38.99441808,0,0,80,80,75,75,0,0,0,0,87.5,35,0,0,0,0,75,62.5,100,0,0,67.5,0,50,0,0,0,0,.,0,0,75,50,50,50,100,0,0,0,0,0,0,87.5,5,62.5,0,0,0,50,25,87.5,75,75,.,75,0,50,35,0,87.5,0,100,80,0,0,87.5,0,50,0,0,0,100,55,100,0,100,75,0,0,100,0,75,62.5,66.667,0,0,.,100,0
1.1.2a) Cadaster coverage,Practice Question,29.30232558,0,100,0-100,36.55103435,0,0,20,20,100,100,0,0,0,0,50,20,0,0,0,0,50,50,100,0,0,50,0,50,0,0,0,0,.,0,0,50,50,50,50,100,0,0,0,0,0,0,100,0,50,0,0,0,50,50,50,50,50,.,50,0,50,20,0,100,0,100,20,0,0,100,0,50,0,0,0,100,20,100,0,100,50,0,0,100,0,50,50,50,0,0,.,100,0
1.1.2b) Cadaster platform,Practice Question,43.95348837,0,100,0-100,48.56236911,0,0,100,100,100,100,0,0,0,0,100,20,0,0,0,0,100,100,100,0,0,20,0,100,0,0,0,0,.,0,0,100,100,100,100,100,0,0,0,0,0,0,100,20,100,0,0,0,100,50,100,100,100,.,100,0,100,20,0,100,0,100,100,0,0,100,0,100,0,0,0,100,100,100,0,100,100,0,0,100,0,100,100,50,0,0,.,100,0
1.1.2c) Cadaster block coverage,Practice Question,35.46511628,0,100,0-100,42.61060284,0,0,100,100,50,0,0,0,0,0,100,100,0,0,0,0,100,100,100,0,0,100,0,50,0,0,0,0,.,0,0,50,50,50,50,100,0,0,0,0,0,0,50,0,50,0,0,0,50,0,100,50,100,.,100,0,50,50,0,50,0,100,100,0,0,50,0,50,0,0,0,100,100,100,0,100,50,0,0,100,0,50,100,100,0,0,.,100,0
1.1.2d) Cadaster interest holders,Practice Question,29.41176471,0,100,0-100,43.8436872,0,0,100,100,50,100,0,0,0,0,100,0,0,0,0,0,50,0,100,0,0,100,0,0,0,0,0,0,.,0,0,100,0,0,0,100,0,0,0,0,0,0,100,0,50,0,0,0,0,0,100,100,50,.,50,0,0,50,0,100,0,100,100,0,0,100,0,0,0,0,0,100,0,100,0,100,100,0,0,100,0,100,0,.,0,0,.,100,0
1.1.3) PRE-LICENSING ROUND RULES,Law Indicator,53.26705682,0,100,0-100,30.28737648,50,100,75,75,0,0,25,25,12.5,50,100,66.667,0,75,16.667,75,66.667,75,66.667,62.5,75,50,75,50,50,75,75,100,50,50,50,100,25,50,87.5,37.5,75,62.5,62.5,37.5,25,.,75,50,100,50,0,0,50,50,66.667,62.5,87.5,75,100,0,0,50,0,87.5,25,50,0,75,0,75,0,33.333,50,50,37.5,50,50,25,100,50,25,25,50,75,25,100,100,100,50,75,100,75,33.333
1.1.3a) Qualification criteria requirement,Law Question,67.81609195,0,100,0-100,44.44555821,100,100,100,100,0,0,0,0,50,100,100,100,0,100,0,100,0,100,100,50,100,100,100,100,100,100,100,100,100,100,100,100,0,50,50,50,100,0,50,50,0,.,0,100,100,100,0,0,0,100,100,100,100,100,100,0,0,0,0,100,0,100,0,100,0,100,0,100,100,100,100,100,100,100,100,50,0,100,100,100,0,100,100,.,100,100,100,100,100
1.1.3b) Biddable terms disclosure requirement,Law Question,33.95061728,0,100,0-100,45.98040377,0,100,100,0,0,0,0,0,0,0,100,0,0,0,0,100,.,0,0,50,100,0,0,0,0,0,100,100,0,0,0,.,0,0,100,0,0,100,100,0,0,.,100,0,100,0,.,0,.,0,0,0,50,100,100,0,0,100,0,100,0,0,.,100,0,50,0,0,.,0,50,0,0,0,100,50,0,0,0,100,0,100,100,100,100,100,100,0,.
1.1.3c) Licensing process requirement,Law Question,44.70588235,0,100,0-100,48.19573769,.,100,100,100,0,0,0,0,0,0,100,100,0,100,50,0,100,100,100,50,0,0,100,0,0,100,0,100,0,0,0,100,0,100,100,0,100,50,100,0,100,.,100,50,100,0,0,0,100,0,100,50,100,100,100,0,0,0,0,100,0,100,0,100,0,50,0,0,.,0,0,0,0,0,100,0,0,0,0,100,0,100,100,100,0,100,.,100,0
1.1.3d) Licensing authority independence,Law Question,67.80821918,0,100,0-100,46.67400464,.,100,0,100,.,0,100,100,0,100,100,.,.,100,.,100,100,100,.,100,100,100,100,100,100,100,100,100,100,100,100,100,100,.,100,100,100,100,0,100,0,.,100,.,.,100,0,0,.,100,.,100,100,0,100,0,0,100,0,50,100,0,.,0,0,100,0,.,0,100,0,100,100,0,100,100,100,0,100,0,100,.,.,100,0,0,100,100,0
1.1.4) PRE-LICENSING ROUND PRACTICE,Practice Indicator,43.43496341,0,100,0-100,37.49378325,66.667,66.667,100,10,25,0,0,40,20,16.667,100,83.333,0,100,50,0,50,50,83.333,100,0,0,50,100,.,20,66.667,50,16.667,50,33.333,100,40,100,50,100,0,83.333,.,56.667,33.333,.,100,0,0,6.667,0,83.333,50,16.667,33.333,66.667,83.333,66.667,100,0,0,56.667,.,100,0,33.333,0,50,0,33.333,.,.,100,0,33.333,50,.,6.667,100,0,0,0,0,50,16.667,100,100,33.333,0,0,20,100,60
1.1.4a) Qualification criteria disclosure,Practice Question,48.83116883,0,100,0-100,45.53697243,100,100,100,.,0,0,0,100,20,50,100,100,0,100,0,0,0,.,50,100,0,0,50,100,.,20,100,50,50,100,100,100,100,100,0,100,0,50,.,100,0,.,100,.,0,20,0,100,0,50,100,100,50,100,100,0,0,50,.,100,0,0,0,50,0,0,.,.,100,0,0,100,.,0,100,0,0,.,0,50,50,100,100,0,0,0,.,100,100
1.1.4b) Biddable terms disclosure,Practice Question,34.76923077,0,100,0-100,42.86999578,0,0,100,0,.,0,0,0,.,0,100,50,0,100,50,.,.,50,100,100,0,0,0,.,.,20,100,50,0,.,0,.,0,.,50,100,0,100,.,50,0,.,100,0,.,0,.,50,.,0,0,0,100,0,.,0,0,100,.,100,0,0,.,50,0,50,.,.,.,0,100,.,.,20,100,0,0,0,0,50,0,100,100,0,.,0,20,100,.
1.1.4c) Licensing process rule disclosure,Practice Question,47.27272727,0,100,0-100,46.69713064,100,100,100,20,50,0,0,20,.,0,100,100,0,100,100,.,100,50,100,100,0,0,100,100,.,20,0,50,0,0,0,100,20,100,100,100,0,100,.,20,100,.,100,.,0,0,0,100,100,0,0,100,100,100,100,0,0,20,.,100,0,100,0,50,0,50,.,.,.,0,0,0,.,0,100,0,0,0,0,50,0,100,100,100,0,0,.,100,20
1.1.5) POST-LICENSING ROUND RULES,Law Indicator,40.71970455,0,100,0-100,32.41508376,25,25,75,0,62.5,25,0,25,0,75,87.5,75,50,0,12.5,0,100,75,50,25,50,75,0,100,50,12.5,75,100,50,75,0,100,0,25,75,0,75,25,100,37.5,75,.,25,50,50,0,25,0,0,25,75,50,50,0,50,0,0,50,25,25,0,75,75,37.5,0,50,0,50,50,50,0,25,50,75,100,75,75,0,25,100,25,50,0,25,0,25,66.667,66.667,25
1.1.5a) License applicant disclosure requirement,Law Question,19.18604651,0,100,0-100,37.70520689,0,0,0,0,50,0,0,0,0,0,100,0,0,0,0,0,100,100,0,0,0,0,0,100,100,50,100,100,0,0,0,100,0,0,0,0,0,0,100,50,0,.,0,0,0,0,0,0,0,0,0,0,0,0,0,0,0,0,0,0,0,0,100,50,0,50,0,0,100,0,0,0,0,0,100,0,0,0,100,100,0,0,0,0,0,0,.,.,0
1.1.5b) License winner disclosure requirement,Law Question,44.88636364,0,100,0-100,48.56549833,100,100,100,0,50,0,0,0,0,100,100,100,100,0,50,0,100,100,100,50,100,100,0,100,100,0,100,100,0,100,0,100,0,0,100,0,100,0,100,50,100,.,0,100,100,0,0,0,0,0,100,100,0,0,100,0,0,100,0,0,0,100,0,0,0,50,0,0,0,100,0,0,0,100,100,100,100,0,0,100,0,100,0,0,0,0,100,0,0
1.1.5c) Block allocation disclosure requirement,Law Question,45.45454545,0,100,0-100,48.9172205,0,0,100,0,50,0,0,0,0,100,100,100,100,0,0,0,100,100,0,0,100,100,0,100,0,0,0,100,100,100,0,100,0,0,100,0,100,100,100,50,100,.,0,0,0,0,100,0,0,0,100,0,100,0,0,0,0,100,100,0,0,100,100,50,0,50,0,100,0,100,0,0,100,100,100,100,100,0,0,100,0,100,0,0,0,100,100,100,0
1.1.5d) Licensing decision appeal requirement,Law Question,52.27272727,0,100,0-100,49.07716825,0,0,100,0,100,100,0,100,0,100,50,100,0,0,0,0,100,0,100,50,0,100,0,100,0,0,100,100,100,100,0,100,0,100,100,0,100,0,100,0,100,.,100,100,100,0,0,0,0,100,100,100,100,0,100,0,0,0,0,100,0,100,100,50,0,50,0,100,100,0,0,100,100,100,100,100,100,0,0,100,100,0,0,100,0,0,0,100,100
1.1.6) POST-LICENSING ROUND PRACTICE,Practice Indicator,60.52331395,0,100,0-100,32.2046969,100,50,66.667,0,100,33.333,66.667,66.667,66.667,33.333,100,66.667,0,33.333,50,25,100,100,100,100,50,66.667,13.333,83.333,50,50,50,33.333,50,0,83.333,100,83.333,66.667,50,66.667,66.667,83.333,10,100,66.667,.,100,50,33.333,0,0,50,66.667,66.667,66.667,100,66.667,16.667,100,33.333,100,66.667,20,100,66.667,100,100,100,66.667,50,66.667,66.667,0,13.333,66.667,66.667,66.667,73.333,100,66.667,66.667,.,100,100,50,66.667,100,6.667,0,20,.,100,6.667
1.1.6a) License applicant disclosure,Practice Question,31.5,0,100,0-100,44.44026,100,0,0,0,100,0,0,0,0,0,100,0,0,0,0,0,100,100,100,100,0,0,0,100,.,0,.,0,0,0,50,100,50,0,0,0,0,50,.,100,0,.,100,50,0,0,0,0,0,0,0,100,0,0,100,0,100,0,.,100,0,100,100,100,0,50,0,0,0,0,0,0,0,20,100,0,0,.,100,100,50,0,100,0,0,.,.,.,0
1.1.6b) License winner disclosure,Practice Question,77.52941176,0,100,0-100,36.08541066,100,100,100,0,100,50,100,100,100,100,100,100,0,50,100,50,100,100,100,100,50,100,20,100,50,50,.,50,50,0,100,100,100,100,100,100,100,100,20,100,100,.,100,100,100,0,0,100,100,100,100,100,100,0,100,50,100,100,20,100,100,100,100,100,100,50,100,100,0,20,100,100,100,100,100,100,100,.,100,100,50,100,100,20,0,20,.,100,20
1.1.6c) Block allocation disclosure,Practice Question,74.21686747,0,100,0-100,38.09873188,100,50,100,0,100,50,100,100,100,0,100,100,0,50,50,.,100,100,100,100,100,100,20,50,50,100,50,50,100,0,100,100,100,100,50,100,100,100,0,100,100,.,100,0,0,0,.,50,100,100,100,100,100,50,100,50,100,100,20,100,100,100,100,100,100,50,100,100,0,20,100,100,100,100,100,100,100,.,100,100,50,100,100,0,0,.,.,100,0
1.1.7) FINANCIAL INTEREST DISCLOSURE RULES,Law Indicator,30,0,100,0-100,25.58408596,10,50,10,100,10,35,0,10,50,0,50,75,10,35,50,35,50,0,35,35,10,25,10,35,35,50,10,10,0,75,10,60,60,0,75,10,75,75,50,10,25,50,75,10,35,10,35,0,35,0,10,10,75,10,35,10,10,50,35,0,50,35,35,75,0,10,0,35,10,50,10,35,35,50,10,10,10,10,50,100,0,50,50,0,10,50,10,25,0
1.1.7a) Public officials asset disclosure requirement,Law Question,37.52808989,0,100,0-100,38.9428748,20,100,20,100,20,20,0,20,100,0,100,100,20,20,100,20,100,0,20,20,20,0,20,20,20,100,20,20,0,100,20,20,20,0,100,20,100,100,100,20,0,100,100,20,20,20,20,0,20,0,20,20,100,20,20,20,20,100,20,0,100,20,20,100,0,20,0,20,20,0,20,20,20,100,20,20,20,20,100,100,0,0,100,0,20,100,20,0,0
1.1.7b) Beneficial ownership requirement,Law Question,22.47191011,0,100,0-100,31.08934701,0,0,0,100,0,50,0,0,0,0,0,50,0,50,0,50,0,0,50,50,0,50,0,50,50,0,0,0,0,50,0,100,100,0,50,0,50,50,0,0,50,0,50,0,50,0,50,0,50,0,0,0,50,0,50,0,0,0,50,0,0,50,50,50,0,0,0,50,0,100,0,50,50,0,0,0,0,0,0,100,0,100,0,0,0,0,0,50,0
1.1.8) FINANCIAL INTEREST DISCLOSURE PRACTICE,Practice Indicator,10.05747126,0,100,0-100,20.52358616,50,0,0,0,0,0,0,0,50,0,0,50,0,0,50,0,0,0,0,0,0,10,.,10,10,0,0,0,0,0,0,10,10,10,10,0,0,0,20,0,0,0,50,0,10,0,10,0,0,0,0,0,50,0,10,0,10,0,0,0,0,0,50,0,.,0,0,0,0,0,0,0,0,0,50,0,0,0,50,75,0,50,50,0,0,100,0,0,20
1.1.8a) Public officials asset disclosure,Practice Question,16.31578947,0,100,0-100,36.61846912,100,0,0,.,.,0,0,.,100,0,0,100,0,0,100,0,0,0,0,0,0,0,.,0,0,0,0,0,.,0,0,0,0,0,0,0,0,0,20,0,.,.,100,0,0,0,0,0,0,0,0,0,100,0,0,0,0,0,0,.,0,0,100,0,.,0,0,.,0,0,0,0,0,0,100,0,0,0,100,100,.,.,100,.,0,100,0,0,20
1.1.8b) Beneficial ownership disclosure,Practice Question,4.556962025,0,50,0-50,10.47554764,0,0,0,0,0,0,0,0,0,0,0,0,0,0,0,0,0,.,0,0,0,20,.,20,20,0,.,0,0,0,.,20,20,20,20,.,0,0,20,0,0,0,0,.,20,0,20,0,0,0,0,0,0,0,20,0,20,0,0,0,0,0,0,0,.,0,0,0,0,0,0,0,0,0,0,0,0,.,0,50,0,50,0,0,0,.,.,0,20
1.1.9) CONTRACT DISCLOSURE RULES,Law Indicator,24.71910112,0,100,0-100,43.38228293,0,0,0,0,100,0,0,0,0,0,0,100,0,0,0,0,0,0,100,100,100,100,0,100,100,100,100,0,0,0,0,0,100,0,100,0,0,0,0,0,0,0,0,0,100,0,0,0,0,0,100,0,0,0,100,0,0,100,0,0,0,0,100,100,0,0,0,0,0,100,0,100,100,100,0,0,0,0,0,0,0,0,0,0,0,0,0,0,0
1.1.9a) Contract disclosure requirement,Law Question,24.71910112,0,100,0-100,43.38228293,0,0,0,0,100,0,0,0,0,0,0,100,0,0,0,0,0,0,100,100,100,100,0,100,100,100,100,0,0,0,0,0,100,0,100,0,0,0,0,0,0,0,0,0,100,0,0,0,0,0,100,0,0,0,100,0,0,100,0,0,0,0,100,100,0,0,0,0,0,100,0,100,100,100,0,0,0,0,0,0,0,0,0,0,0,0,0,0,0
1.1.10) CONTRACT DISCLOSURE,Practice Indicator,22.41573034,0,100,0-100,32.96099933,100,0,0,0,100,35,0,0,35,0,0,100,35,0,50,35,0,0,50,75,35,0,0,50,50,75,35,0,0,0,0,0,35,0,50,0,0,0,0,35,0,0,35,0,35,0,0,0,50,0,0,100,50,0,75,0,0,0,0,0,0,0,75,50,0,0,0,100,0,0,0,0,0,35,0,100,100,0,0,0,0,50,100,0,35,25,0,0,0
1.1.10a) Contract disclosure timeliness,Practice Question,20.24691358,0,100,0-100,33.8369365,100,0,0,0,100,20,0,0,20,0,0,100,20,0,50,20,0,0,50,100,20,0,0,50,.,100,20,0,0,0,0,0,20,0,50,0,0,0,.,20,0,0,20,0,20,.,0,0,50,0,0,100,50,0,100,0,0,0,.,0,0,0,100,50,0,0,.,.,0,0,0,0,.,20,0,.,100,0,0,0,0,50,100,0,20,0,0,0,0
1.1.10b) Historical contract disclosure,Practice Question,23.59550562,0,100,0-100,32.93406605,100,0,0,0,100,50,0,0,50,0,0,100,50,0,50,50,0,0,50,50,50,0,0,50,50,50,50,0,0,0,0,0,50,0,50,0,0,0,0,50,0,0,50,0,50,0,0,0,50,0,0,100,50,0,50,0,0,0,0,0,0,0,50,50,0,0,0,100,0,0,0,0,0,50,0,100,100,0,0,0,0,50,100,0,50,50,0,0,0
1.2) TAXATION,Sub-Component,62.44095506,12.917,92.381,13-92,17.50861853,64.444,47.917,57.083,42.917,57.917,59.375,46.25,41.771,77.143,48.333,73.438,70,40.238,75.417,82.083,65.833,67.708,54.583,72.5,71.667,63.095,64.167,20,67.083,70.833,66.25,70,36.25,20.417,75.833,19.167,71.667,80.417,71.25,59.583,82.917,83.958,90,45.417,73.125,65,72.381,79.792,48.095,71.042,57.917,61.25,60.833,64.583,52.917,76.667,81.25,84.792,61.042,76.25,54.167,62.083,77.917,80.476,86.458,35.417,60.104,63.75,60,35.833,46.667,44.583,84.167,61.25,50.833,50.417,86.875,92.381,65,77.292,80.417,58.542,12.917,71.905,59.583,52.5,92.083,83.75,22.083,55,38.333,76.667,65.313,50.625
1.2.1) PRODUCTION DISCLOSURE,Practice Indicator,70.75767045,0,100,0-100,22.37335126,.,66.667,83.333,93.333,66.667,76.667,83.333,66.667,83.333,66.667,93.333,66.667,0,83.333,76.667,76.667,93.333,66.667,76.667,93.333,60,76.667,60,66.667,76.667,93.333,66.667,0,0,76.667,0,76.667,83.333,60,66.667,93.333,66.667,83.333,60,66.667,66.667,66.667,76.667,66.667,66.667,66.667,76.667,70,76.667,60,66.667,76.667,66.667,66.667,66.667,76.667,76.667,76.667,96.667,93.333,80,66.667,93.333,83.333,76.667,76.667,76.667,60,66.667,40,96.667,83.333,83.333,83.333,93.333,100,83.333,0,60,66.667,70,96.667,100,0,83.333,66.667,86.667,83.333,66.667
1.2.1a) Production volume disclosure,Practice Question,67.04545455,0,100,0-100,30.21604548,.,50,100,100,50,50,100,50,100,50,100,50,0,100,50,100,100,50,50,100,50,100,50,50,100,100,50,0,0,100,0,100,100,50,50,100,50,100,50,50,50,50,50,50,50,50,100,50,100,50,50,50,50,50,50,50,50,100,100,100,50,50,100,100,100,50,50,50,50,50,100,100,100,100,100,100,50,0,50,50,50,100,100,0,100,50,100,100,50
1.2.1b) Production disclosure timeliness,Practice Question,87.95454545,0,100,0-100,26.52949306,.,100,100,100,100,100,100,100,100,100,100,100,0,100,100,80,100,100,100,100,80,80,80,100,80,100,100,0,0,80,0,80,100,80,100,100,100,100,80,100,100,100,100,100,100,100,80,80,80,80,100,100,100,100,100,100,100,80,100,100,100,100,100,100,80,100,100,80,100,20,100,100,100,100,100,100,100,0,80,100,80,100,100,0,100,100,80,100,100
1.2.1c) Production disclosure machine-readability,Practice Question,57.27272727,0,100,0-100,22.26936831,.,50,50,80,50,80,50,50,50,50,80,50,0,50,80,50,80,50,80,80,50,50,50,50,50,80,50,0,0,50,0,50,50,50,50,80,50,50,50,50,50,50,80,50,50,50,50,80,50,50,50,80,50,50,50,80,80,50,90,80,90,50,80,50,50,80,80,50,50,50,90,50,50,50,80,100,100,0,50,50,80,90,100,0,50,50,80,50,50
1.2.2) EXPORT DISCLOSURE,Practice Indicator,65.13744706,0,93.333,0-93,21.65483309,.,66.667,93.333,50,66.667,76.667,86.667,76.667,76.667,66.667,76.667,60,76.667,66.667,66.667,76.667,76.667,76.667,76.667,76.667,60,76.667,.,83.333,76.667,76.667,66.667,0,0,76.667,0,66.667,83.333,40,0,66.667,60,66.667,66.667,66.667,76.667,76.667,66.667,66.667,66.667,66.667,76.667,76.667,76.667,60,60,76.667,76.667,66.667,60,76.667,70,76.667,80,80,66.667,66.667,80,60,60,76.667,76.667,60,60,40,0,93.333,.,60,76.667,76.667,80,0,.,66.667,70,80,76.667,0,76.667,66.667,76.667,66.667,66.667
1.2.2a) Export value disclosure,Practice Question,53.52941176,0,100,0-100,24.13779305,.,50,100,50,50,50,100,50,50,50,50,50,50,50,50,100,50,50,50,50,50,100,.,100,100,50,50,0,0,100,0,50,100,50,0,50,50,50,50,50,50,50,50,50,50,50,100,50,100,50,50,50,50,50,50,50,50,100,50,50,50,50,50,50,50,50,50,50,50,50,0,100,.,50,50,50,50,0,.,50,50,50,50,0,50,50,100,50,50
1.2.2b) Export disclosure timeliness,Practice Question,83.52941176,0,100,0-100,29.9486021,.,100,100,20,100,100,80,100,100,100,100,80,80,100,100,80,100,100,100,100,80,80,.,100,80,100,100,0,0,80,0,100,100,20,0,100,80,100,100,100,100,100,100,100,100,100,80,100,80,80,80,100,100,100,80,100,80,80,100,100,100,100,100,80,80,100,100,80,80,20,0,100,.,80,100,100,100,0,.,100,80,100,100,0,100,100,80,100,100
1.2.2c) Export disclosure machine-readability,Practice Question,58.35294118,0,100,0-100,23.49503792,.,50,80,80,50,80,80,80,80,50,80,50,100,50,50,50,80,80,80,80,50,50,.,50,50,80,50,0,0,50,0,50,50,50,0,50,50,50,50,50,80,80,50,50,50,50,50,80,50,50,50,80,80,50,50,80,80,50,90,90,50,50,90,50,50,80,80,50,50,50,0,80,.,50,80,80,90,0,.,50,80,90,80,0,80,50,50,50,50
1.2.3) COMPANY PAYMENT RULES,Law Indicator,48.27586207,0,100,0-100,44.09838094,100,0,0,0,0,50,0,0,100,0,100,50,0,100,100,50,0,0,0,0,50,100,0,100,100,0,100,0,0,50,0,50,100,50,100,100,100,100,0,50,50,.,50,0,100,0,50,0,50,50,100,100,50,100,100,0,50,100,100,100,0,50,50,50,0,0,0,100,0,100,0,100,100,100,50,100,0,0,100,100,0,100,100,0,0,0,.,50,0
1.2.3a) Payment disclosure requirement,Law Question,48.27586207,0,100,0-100,44.09838094,100,0,0,0,0,50,0,0,100,0,100,50,0,100,100,50,0,0,0,0,50,100,0,100,100,0,100,0,0,50,0,50,100,50,100,100,100,100,0,50,50,.,50,0,100,0,50,0,50,50,100,100,50,100,100,0,50,100,100,100,0,50,50,50,0,0,0,100,0,100,0,100,100,100,50,100,0,0,100,100,0,100,100,0,0,0,.,50,0
1.2.4) COMPANY PAYMENT DISCLOSURE,Practice Indicator,66.85394382,0,100,0-100,29.09121728,76.667,56.667,100,0,66.667,100,83.333,56.667,66.667,56.667,0,76.667,0,83.333,83.333,83.333,66.667,66.667,66.667,83.333,76.667,76.667,0,83.333,76.667,83.333,66.667,60,0,76.667,23.333,93.333,100,83.333,93.333,83.333,100,100,56.667,66.667,83.333,83.333,100,56.667,83.333,0,93.333,66.667,93.333,83.333,56.667,66.667,100,0,83.333,76.667,76.667,100,83.333,100,56.667,83.333,83.333,93.333,60,66.667,56.667,83.333,66.667,56.667,56.667,73.333,93.333,83.333,73.333,56.667,0,0,73.333,83.333,66.667,100,66.667,0,66.667,50,56.667,83.333,0
1.2.4a) Payment disclosure,Practice Question,69.1011236,0,100,0-100,34.95583088,100,50,100,0,50,100,50,50,50,50,0,100,0,100,50,100,50,50,50,100,100,100,0,100,100,50,50,50,0,100,50,100,100,100,100,50,100,100,50,100,100,50,100,50,100,0,100,50,100,100,50,50,100,0,100,100,100,100,100,100,50,100,100,100,50,50,50,100,50,50,50,100,100,100,100,50,0,0,100,100,50,100,50,0,50,50,100,100,0
1.2.4b) Payment disclosure timeliness,Practice Question,81.57303371,0,100,0-100,34.27492048,80,100,100,0,100,100,100,100,100,100,0,80,0,100,100,100,100,100,100,100,80,80,0,100,80,100,100,80,0,80,0,80,100,100,80,100,100,100,100,80,100,100,100,100,100,0,80,100,80,100,100,100,100,0,100,80,80,100,100,100,100,100,100,80,80,100,100,100,100,100,100,100,80,100,100,100,0,0,100,100,100,100,100,0,100,80,20,100,0
1.2.4c) Payment disclosure disaggregation,Practice Question,49.88764045,0,100,0-100,32.90808073,50,20,100,0,50,100,100,20,50,20,0,50,0,50,100,50,50,50,50,50,50,50,0,50,50,100,50,50,0,50,20,100,100,50,100,100,100,100,20,20,50,100,100,20,50,0,100,50,100,50,20,50,100,0,50,50,50,100,50,100,20,50,50,100,50,50,20,50,50,20,20,20,100,50,20,20,0,0,20,50,50,100,50,0,50,20,50,50,0
1.2.5) TAXATION RULES,Law Indicator,79.3258427,20,100,20-100,21.54865164,50,80,50,70,66.667,80,20,37.5,100,50,87.5,100,75,100,100,70,75,80,100,60,75,80,50,100,100,80,60,100,100,100,100,100,90,100,80,90,75,100,100,83.333,75,50,75,50,100,100,100,60,100,100,100,100,100,75,80,60,80,50,100,66.667,50,87.5,100,100,60,90,50,100,100,40,20,75,100,90,40,80,75,40,40,100,83.333,100,100,80,100,60,100,87.5,75
1.2.5a) Income tax rate rule,Law Question,97.19101124,0,100,0-100,13.81606147,100,100,100,100,100,100,100,100,100,0,100,100,100,100,100,50,100,100,100,100,100,100,100,100,100,100,100,100,100,100,100,100,100,100,100,100,100,100,100,100,100,100,100,100,100,100,100,100,100,100,100,100,100,100,100,100,100,100,100,50,100,100,100,100,100,100,100,100,100,100,100,100,100,100,100,100,100,100,100,100,100,100,100,100,100,100,100,50,100
1.2.5b) Royalty rate rule,Law Question,84.56790123,0,100,0-100,35.03745791,0,100,100,100,50,100,0,0,100,100,100,100,100,100,100,100,100,100,100,100,100,100,100,100,100,100,100,100,100,100,100,100,100,100,100,100,100,.,.,.,100,.,100,0,100,100,100,100,100,100,100,100,100,0,100,100,100,100,100,.,100,100,100,100,100,100,0,100,100,0,0,100,100,50,0,100,100,0,0,.,50,.,100,100,100,100,.,100,100
1.2.5c) State equity rule,Law Question,46.37681159,0,100,0-100,48.74818291,0,100,0,0,.,0,0,50,100,0,.,100,0,100,.,0,0,0,.,0,.,0,.,100,100,0,0,100,100,100,100,100,100,.,100,100,0,100,.,50,0,.,0,0,.,100,.,0,100,100,.,100,100,100,0,0,100,0,.,100,0,50,.,100,0,50,0,.,.,0,0,0,100,100,0,0,0,0,0,.,100,.,.,100,100,0,.,100,0
1.2.5d) Withholding tax rate rule,Law Question,87.5,0,100,0-100,30.92450972,100,100,.,100,50,100,0,.,100,100,50,100,100,100,100,100,100,100,100,100,0,100,0,100,100,100,100,100,100,100,100,100,100,100,100,100,100,100,100,100,100,0,100,100,100,.,100,50,100,100,100,100,100,100,100,0,0,0,100,50,50,100,100,100,100,100,100,100,100,100,0,100,100,100,100,100,100,100,100,.,.,100,100,100,100,100,100,100,100
1.2.5e) Production sharing arrangement rule,Law Question,59.57446809,0,100,0-100,47.36341676,.,0,0,50,.,100,0,0,100,.,100,.,.,100,.,100,.,100,.,0,100,100,0,.,100,100,0,100,.,.,100,.,50,.,0,50,.,100,.,.,.,.,.,.,.,100,.,50,.,.,.,100,.,.,100,100,100,.,100,.,0,.,.,100,0,100,.,.,.,0,0,.,100,100,0,100,.,0,0,100,.,.,.,0,100,0,.,.,.
1.2.6) TAX AUTHORITY RULES,Law Indicator,70.41201124,0,100,0-100,31.05399517,100,83.333,100,100,66.667,16.667,66.667,66.667,83.333,66.667,100,66.667,100,100,100,100,100,66.667,100,100,50,33.333,0,33.333,66.667,66.667,100,100,33.333,66.667,0,66.667,66.667,66.667,66.667,100,100,100,50,66.667,83.333,100,100,66.667,66.667,100,33.333,83.333,50,0,100,100,100,100,100,33.333,33.333,100,33.333,66.667,0,66.667,33.333,33.333,0,33.333,66.667,100,66.667,100,100,100,100,33.333,100,100,100,33.333,100,0,50,100,66.667,66.667,83.333,33.333,100,66.667,66.667
1.2.6a) Payment deposit requirement,Law Question,85.88235294,0,100,0-100,33.28427763,100,100,100,100,100,50,100,100,50,100,100,100,100,100,.,100,100,100,100,100,50,100,0,0,100,100,100,100,0,100,0,100,100,100,100,100,100,100,100,100,100,.,100,100,100,100,100,100,100,.,100,100,100,100,100,0,0,100,0,100,0,100,100,100,0,100,100,100,100,100,100,100,100,100,100,100,100,100,100,0,.,100,100,100,50,100,100,100,100
1.2.6b) Taxpayer audit requirement,Law Question,45.83333333,0,100,0-100,49.21573686,100,50,100,100,0,0,0,0,100,0,100,0,100,100,100,100,100,0,100,100,0,0,0,0,0,0,100,.,100,0,0,0,0,0,0,100,100,100,.,0,100,.,100,0,0,.,0,50,50,0,100,100,100,100,100,0,0,100,0,0,0,0,0,0,0,0,0,100,0,100,.,100,100,0,100,100,100,0,100,0,0,100,0,100,100,0,100,0,0
1.2.6c) Tax authority audit requirement,Law Question,78.08988764,0,100,0-100,41.25520365,100,100,100,100,100,0,100,100,100,100,100,100,100,100,100,100,100,100,100,100,100,0,0,100,100,100,100,100,0,100,0,100,100,100,100,100,100,100,0,100,50,100,100,100,100,100,0,100,0,0,100,100,100,100,100,100,100,100,100,100,0,100,0,0,0,0,100,100,100,100,100,100,100,0,100,100,100,0,100,0,100,100,100,0,100,0,100,100,100
1.2.7) TAX AUTHORITY PRACTICE,Practice Indicator,46.91358025,0,100,0-100,47.00111635,0,0,0,0,100,0,0,0,.,50,100,.,.,0,100,0,100,50,100,100,.,0,0,0,0,100,.,0,0,100,0,50,50,100,0,100,100,100,0,100,0,100,100,.,0,100,0,100,0,0,100,100,100,50,50,50,50,50,.,100,0,0,0,0,0,0,0,100,100,0,100,100,100,0,100,100,100,0,100,0,50,100,100,0,0,0,.,0,100
1.2.7a) Tax authority audit timeframe,Practice Question,46.91358025,0,100,0-100,47.00111635,0,0,0,0,100,0,0,0,.,50,100,.,.,0,100,0,100,50,100,100,.,0,0,0,0,100,.,0,0,100,0,50,50,100,0,100,100,100,0,100,0,100,100,.,0,100,0,100,0,0,100,100,100,50,50,50,50,50,.,100,0,0,0,0,0,0,0,100,100,0,100,100,100,0,100,100,100,0,100,0,50,100,100,0,0,0,.,0,100
1.2.8) EITI AFFILIATION AND REPORTING,Practice Indicator,49.7752809,30,85,30-85,20.69681179,60,30,30,30,30,75,30,30,30,30,30,70,30,70,30,70,30,30,60,60,70,70,30,70,70,30,30,30,30,60,30,70,70,70,70,30,70,70,30,85,85,30,70,30,85,30,60,30,70,70,30,30,85,30,70,60,60,70,70,85,30,60,70,60,30,30,30,70,30,30,30,70,70,70,85,30,30,30,30,60,30,60,60,30,30,30,40,85,30
1.2.8a) EITI affiliation,Practice Question,46.96629213,30,70,30-70,18.24109337,50,30,30,30,30,50,30,30,30,30,30,70,30,70,30,70,30,30,50,50,70,70,30,70,70,30,30,30,30,50,30,70,70,70,70,30,70,70,30,70,70,30,70,30,70,30,50,30,70,70,30,30,70,30,70,50,50,70,70,70,30,50,70,50,30,30,30,70,30,30,30,70,70,70,70,30,30,30,30,50,30,50,50,30,30,30,40,70,30
1.2.8b) EITI report timeliness,Practice Question,74.66666667,40,100,40-100,12.72077756,70,.,.,.,.,100,.,.,.,.,.,70,.,70,.,70,.,.,70,70,70,70,.,70,70,.,.,.,.,70,.,70,70,70,70,.,70,70,.,100,100,.,70,.,100,.,70,.,70,70,.,.,100,.,70,70,70,70,70,100,.,70,70,70,.,.,.,70,.,.,.,70,70,70,100,.,.,.,.,70,.,70,70,.,.,.,40,100,.
1.3) LOCAL IMPACT,Sub-Component,49.31178652,4.167,91.667,Apr-92,18.93401536,65,29.167,41.667,70.833,82.143,37.5,20.714,37.5,64.286,66.667,50,64.286,42.857,78.571,89.286,20.714,85.714,50,45.714,35.714,42.857,75,40.833,41.667,33.333,45,24.286,45.714,12.5,53.333,25,71.429,57.5,25,53.333,90,58.333,60,40,33.333,55.714,17.857,37.5,60,56.667,10.714,37.5,47.857,50,45,57.143,46.429,67.143,57.143,61.667,57.143,53.571,66.667,58.333,91.667,37.5,53.571,82.143,35.714,25,53.333,4.167,58.333,45.714,57.143,27.857,46.429,54.167,28.571,49.286,46.429,25,17.857,50,42.5,28.571,56.429,50,75,62.5,87.5,56.25,50,39.286
1.3.1) EIA/SIA RULES,Law Indicator,54.60227273,0,100,0-100,27.58707834,60,25,50,25,75,25,25,25,100,50,50,100,50,100,75,25,100,50,50,50,100,50,25,50,50,95,45,50,.,70,25,50,50,25,50,90,100,100,50,25,70,50,25,100,70,25,25,35,50,25,50,75,50,50,50,100,100,100,50,100,25,100,100,50,25,70,25,50,50,100,25,25,25,50,50,25,25,25,50,0,50,100,50,100,50,50,25,50,25
1.3.1a) EIA/SIA requirement,Law Question,67.61363636,0,100,0-100,24.72814573,100,50,100,50,100,50,50,50,100,50,50,100,100,100,50,50,100,50,50,50,100,50,50,50,100,90,90,50,.,90,50,50,50,50,100,90,100,100,100,50,50,100,50,100,90,50,50,50,100,50,50,100,50,50,50,100,100,100,50,100,50,100,100,100,50,50,50,50,50,100,50,50,50,50,50,50,50,50,50,0,50,100,50,100,50,50,50,50,50
1.3.1b) EIA/SIA disclosure requirement,Law Question,41.59090909,0,100,0-100,39.44693405,20,0,0,0,50,0,0,0,100,50,50,100,0,100,100,0,100,50,50,50,100,50,0,50,0,100,0,50,.,50,0,50,50,0,0,90,100,100,0,0,90,0,0,100,50,0,0,20,0,0,50,50,50,50,50,100,100,100,50,100,0,100,100,0,0,90,0,50,50,100,0,0,0,50,50,0,0,0,50,0,50,100,50,100,50,50,0,50,0
1.3.2) EIA/SIA DISCLOSURE,Practice Indicator,23.45238095,0,100,0-100,34.30880486,.,0,0,100,100,100,20,0,0,0,0,0,0,0,100,20,100,50,20,0,0,100,20,0,0,20,0,0,0,0,0,50,20,0,20,50,0,0,.,50,20,0,0,20,20,0,0,100,0,0,50,0,20,50,20,0,0,50,0,100,0,50,100,0,0,50,0,0,20,0,20,0,0,0,100,0,0,0,0,20,0,20,50,100,.,.,.,50,0
1.3.2a) EIA/SIA disclosure practice,Practice Question,23.45238095,0,100,0-100,34.30880486,.,0,0,100,100,100,20,0,0,0,0,0,0,0,100,20,100,50,20,0,0,100,20,0,0,20,0,0,0,0,0,50,20,0,20,50,0,0,.,50,20,0,0,20,20,0,0,100,0,0,50,0,20,50,20,0,0,50,0,100,0,50,100,0,0,50,0,0,20,0,20,0,0,0,100,0,0,0,0,20,0,20,50,100,.,.,.,50,0
1.3.3) ENVIRONMENTAL MITIGATION PLAN RULES,Law Indicator,68.10344828,0,100,0-100,32.2800372,50,50,50,50,50,0,50,50,100,100,25,100,50,100,100,50,100,100,100,50,100,50,50,50,50,50,25,100,.,100,50,100,100,50,50,100,100,100,50,50,50,25,50,100,100,0,50,50,50,50,100,100,100,100,100,100,100,0,100,100,50,100,100,50,50,25,0,100,100,100,50,100,100,100,25,50,0,50,100,.,50,100,0,50,100,100,50,100,50
1.3.3a) Environmental mitigation plan requirement,Law Question,90.11627907,0,100,0-100,26.36817092,100,100,100,100,50,0,100,100,100,100,50,100,100,100,100,100,100,100,100,100,100,100,100,100,100,100,50,100,.,100,100,100,100,100,100,100,100,100,100,100,100,50,100,100,100,.,100,50,100,100,100,100,100,100,100,100,100,0,100,100,100,100,100,100,100,50,0,100,100,100,100,100,100,100,50,100,0,100,100,.,100,100,0,100,100,100,100,100,100
1.3.3b) Environmental mitigation plan disclosure requirement,Law Question,49.39759036,0,100,0-100,49.69049076,0,0,0,0,50,0,0,0,100,100,0,100,0,100,100,0,100,100,100,0,100,0,0,0,0,0,0,100,.,100,0,100,100,0,0,100,100,100,0,0,0,0,0,100,100,0,0,50,0,0,100,100,100,100,100,100,100,.,100,100,0,100,100,0,0,0,.,100,100,100,0,100,100,100,0,0,.,0,100,.,0,100,.,0,100,100,0,100,0
1.3.4) ENVIRONMENTAL MITIGATION PLAN DISCLOSURE,Practice Indicator,25,0,100,0-100,42.81744193,.,0,0,100,100,.,0,0,0,100,.,100,100,100,100,0,100,0,0,0,0,100,0,0,0,0,0,0,0,0,0,100,0,0,0,100,0,.,.,.,0,0,.,0,0,0,0,100,0,.,100,50,0,100,0,0,0,100,0,100,0,0,100,0,0,0,0,0,0,0,0,0,0,0,50,0,0,0,0,.,0,0,.,0,.,.,.,100,0
1.3.4a) Environmental mitigation plan disclosure practice,Practice Question,25,0,100,0-100,42.81744193,.,0,0,100,100,.,0,0,0,100,.,100,100,100,100,0,100,0,0,0,0,100,0,0,0,0,0,0,0,0,0,100,0,0,0,100,0,.,.,.,0,0,.,0,0,0,0,100,0,.,100,50,0,100,0,0,0,100,0,100,0,0,100,0,0,0,0,0,0,0,0,0,0,0,50,0,0,0,0,.,0,0,.,0,.,.,.,100,0
1.3.5) ENVIRONMENTAL COMPLIANCE RULES,Law Indicator,79.7752809,0,100,0-100,31.2787151,50,100,100,100,100,50,50,100,100,100,75,100,50,100,100,0,100,100,100,100,50,100,100,100,100,100,50,100,0,100,100,100,100,50,100,100,100,50,50,50,100,0,100,100,100,0,100,0,100,100,50,50,100,50,100,100,100,100,100,100,100,75,100,100,50,75,0,100,100,100,0,100,100,50,50,100,100,50,100,100,50,75,100,100,50,100,100,50,100
1.3.5a) Environmental penalty requirement,Law Question,85.71428571,0,100,0-100,34.33659449,100,100,100,100,100,100,100,100,100,100,50,100,100,100,100,0,100,100,100,100,100,100,100,100,100,100,100,100,0,100,100,100,100,100,100,100,.,0,100,100,100,0,100,100,100,0,100,0,100,100,100,100,100,100,100,100,100,.,100,100,100,100,100,100,100,100,0,100,100,100,0,100,100,100,0,100,.,0,100,.,100,50,.,100,0,100,100,100,100
1.3.5b) Project closure requirement,Law Question,73.56321839,0,100,0-100,43.69495239,0,100,100,100,100,0,0,100,100,100,100,100,0,100,100,0,100,100,100,100,0,100,100,100,100,100,0,100,.,100,100,100,100,0,100,100,100,100,0,0,100,0,100,100,100,0,100,0,100,100,0,0,100,0,100,100,100,100,100,100,100,50,100,100,0,50,0,100,100,100,0,100,100,0,100,100,100,100,100,100,0,100,100,100,100,100,.,0,100
1.3.6) ENVIRONMENTAL COMPLIANCE PRACTICE,Practice Indicator,19.25925926,0,100,0-100,39.03804878,.,.,.,.,100,0,0,.,100,.,100,0,0,100,100,0,0,0,0,0,0,.,.,.,.,0,0,20,.,.,0,0,.,0,.,.,.,.,0,0,100,0,0,0,.,0,.,0,.,.,0,0,100,0,.,0,0,.,.,.,.,0,0,0,0,.,0,.,0,0,0,0,.,0,20,100,0,0,.,.,0,100,100,.,.,.,.,0,0
1.3.6a) Project closure compliance,Practice Question,19.25925926,0,100,0-100,39.03804878,.,.,.,.,100,0,0,.,100,.,100,0,0,100,100,0,0,0,0,0,0,.,.,.,.,0,0,20,.,.,0,0,.,0,.,.,.,.,0,0,100,0,0,0,.,0,.,0,.,.,0,0,100,0,.,0,0,.,.,.,.,0,0,0,0,.,0,.,0,0,0,0,.,0,20,100,0,0,.,.,0,100,100,.,.,.,.,0,0
1.3.7) COMPENSATION TO LAND USERS AND OWNERS RULES,Law Indicator,56.81818182,0,100,0-100,28.54902839,100,0,50,50,50,50,0,50,50,50,50,50,50,50,50,50,100,50,50,50,50,50,50,50,0,50,50,50,50,50,0,100,75,50,100,100,50,50,50,25,50,50,50,100,50,50,50,50,100,50,50,50,100,50,100,100,75,50,100,50,50,50,75,50,50,100,.,100,50,100,100,100,100,0,50,50,50,0,50,50,50,0,0,100,50,100,50,0,100
1.3.7a) Compensation requirement,Law Question,89.20454545,0,100,0-100,30.74633296,100,0,100,100,100,100,0,100,100,100,100,100,100,100,100,100,100,100,100,100,100,100,100,100,0,100,100,100,100,100,0,100,100,100,100,100,100,100,100,50,100,100,100,100,100,100,100,100,100,100,100,100,100,100,100,100,100,100,100,100,100,100,100,100,100,100,.,100,100,100,100,100,100,0,100,100,100,0,100,100,100,0,0,100,100,100,100,0,100
1.3.7b) Resettlement requirement,Law Question,24.43181818,0,100,0-100,42.20524439,100,0,0,0,0,0,0,0,0,0,0,0,0,0,0,0,100,0,0,0,0,0,0,0,0,0,0,0,0,0,0,100,50,0,100,100,0,0,0,0,0,0,0,100,0,0,0,0,100,0,0,0,100,0,100,100,50,0,100,0,0,0,50,0,0,100,.,100,0,100,100,100,100,0,0,0,0,0,0,0,0,0,0,100,0,100,0,0,100
1.4) STATE-OWNED ENTERPRISES,Sub-Component,48.63972973,4.167,90,Apr-90,21.0329252,.,47.233,56.283,83.167,.,70.083,31.567,54.083,70.417,29,64.667,.,.,51.917,.,45.917,90,57.65,.,72.667,40.417,60.6,38.889,35.45,24.667,56.017,36.167,6.5,4.167,23.704,11,40.667,75.167,.,37.5,87.037,77.917,66.333,22,65.833,63.083,65.317,49.767,.,.,32.033,36.333,65,.,38.1,.,74,40.017,78.917,53.367,16.333,35,35.2,44.083,79.667,32.033,48.817,.,69.63,54.733,56.167,26.917,.,64.537,28.333,12.583,32.5,64.222,50.238,75.083,66.167,35.167,10,12.5,75.583,26.85,.,.,41.167,58.083,63.889,40,68.741,44.5
1.4.1) SOE-GOVERNMENT TRANSFERS RULES,Law Indicator,70.83333333,0,100,0-100,43.40279734,.,100,100,100,.,100,100,0,100,0,100,.,.,100,.,50,100,100,.,100,50,50,100,100,0,100,100,0,0,0,0,0,100,.,0,100,100,100,100,100,100,100,100,.,.,100,100,100,.,50,.,100,100,100,0,50,50,100,100,100,0,100,.,100,100,100,0,.,.,100,0,.,100,0,100,100,100,0,0,100,0,.,.,100,100,100,100,100,0
1.4.1a) SOE-government transfers governance rule,Law Question,70.83333333,0,100,0-100,43.40279734,.,100,100,100,.,100,100,0,100,0,100,.,.,100,.,50,100,100,.,100,50,50,100,100,0,100,100,0,0,0,0,0,100,.,0,100,100,100,100,100,100,100,100,.,.,100,100,100,.,50,.,100,100,100,0,50,50,100,100,100,0,100,.,100,100,100,0,.,.,100,0,.,100,0,100,100,100,0,0,100,0,.,.,100,100,100,100,100,0
1.4.2) SOE-GOVERNMENT TRANSFERS DISCLOSURE,Practice Indicator,64.92957746,0,100,0-100,37.52611431,.,40,90,100,.,100,50,90,100,0,50,.,.,90,.,80,100,50,.,100,80,80,0,80,80,100,100,40,0,80,0,80,100,.,50,100,100,100,0,.,100,90,50,.,.,50,80,100,.,80,.,100,100,100,90,80,80,80,100,100,0,40,.,100,80,50,0,.,50,0,0,80,80,.,100,50,0,0,.,100,0,.,.,0,100,50,0,100,40
1.4.2a) Government-SOE receipt disclosure,Practice Question,61.12676056,0,100,0-100,44.70696001,.,0,100,100,.,100,100,80,100,0,0,.,.,80,.,80,100,0,.,100,80,80,0,80,80,100,100,80,0,80,0,80,100,.,0,100,100,100,0,.,100,100,0,.,.,100,80,100,.,80,.,100,100,100,100,80,80,80,100,100,0,0,.,100,80,0,0,.,100,0,0,80,80,.,100,0,0,0,.,100,0,.,.,0,100,0,0,100,0
1.4.2b) SOE-government transfer disclosure,Practice Question,68.73239437,0,100,0-100,41.22861619,.,80,80,100,.,100,0,100,100,0,100,.,.,100,.,80,100,100,.,100,80,80,0,80,80,100,100,0,0,80,0,80,100,.,100,100,100,100,0,.,100,80,100,.,.,0,80,100,.,80,.,100,100,100,80,80,80,80,100,100,0,80,.,100,80,100,0,.,0,0,0,80,80,.,100,100,0,0,.,100,0,.,.,0,100,100,0,100,80
1.4.3) SOE FINANCIAL REPORTING RULES,Law Indicator,50.00004054,0,100,0-100,29.45482572,.,33.333,33.333,66.667,.,33.333,66.667,50,100,0,66.667,.,.,33.333,.,16.667,100,100,.,66.667,66.667,100,0,0,0,66.667,66.667,0,33.333,33.333,0,66.667,66.667,.,33.333,100,66.667,33.333,0,33.333,33.333,66.667,66.667,.,.,33.333,33.333,0,.,0,.,100,66.667,66.667,66.667,33.333,33.333,50,33.333,66.667,33.333,33.333,.,66.667,33.333,66.667,66.667,.,66.667,66.667,33.333,100,100,66.667,83.333,66.667,66.667,0,0,66.667,50,.,.,66.667,33.333,66.667,50,66.667,66.667
1.4.3a) SOE annual report disclosure requirement,Law Question,46.52777778,0,100,0-100,48.44511116,.,100,0,100,.,50,0,50,100,0,100,.,.,0,.,0,100,.,.,100,100,100,0,0,0,100,100,0,0,0,0,0,0,.,0,100,100,0,0,0,50,0,100,.,.,0,0,0,.,0,.,100,100,100,100,0,0,50,0,100,0,0,.,100,0,100,0,.,0,100,0,100,100,100,50,100,100,0,0,100,0,.,.,100,0,100,.,100,100
1.4.3b) SOE financial audit requirement,Law Question,78.37837838,0,100,0-100,39.76048245,.,0,100,100,.,50,100,100,100,0,100,.,.,100,.,50,100,100,.,100,100,100,0,0,0,100,100,0,100,100,0,100,100,.,100,100,100,100,0,100,50,100,100,.,.,100,100,0,.,0,.,100,100,100,100,100,100,100,100,100,100,0,.,100,100,100,100,.,100,100,100,100,100,0,100,100,100,0,0,100,50,.,.,100,100,100,100,100,100
1.4.3c) SOE report legislative review requirement,Law Question,23.28767123,0,100,0-100,42.55893934,.,0,0,0,.,0,100,0,100,0,0,.,.,0,.,0,100,.,.,0,0,100,0,0,0,0,0,0,0,0,0,100,100,.,0,100,0,0,0,0,0,100,0,.,.,0,0,0,.,0,.,100,0,0,0,0,0,0,0,0,0,100,.,0,0,0,100,.,100,0,0,100,100,100,100,0,0,0,0,0,100,.,.,0,0,0,0,0,0
1.4.4) SOE NON-COMMERCIAL ACTIVITY PRACTICE,Practice Indicator,39.21428571,0,100,0-100,35.38233935,.,10,25,100,.,50,0,100,0,50,25,.,.,50,.,100,100,10,.,100,35,35,100,0,100,50,25,0,.,35,100,50,60,.,100,50,50,25,0,.,0,10,60,.,.,10,35,25,.,50,.,50,35,100,25,0,25,0,0,100,20,35,.,100,35,0,0,.,35,.,0,0,25,50,100,50,0,100,.,25,0,.,.,25,25,25,0,0,35
1.4.4a) SOE non-commercial activity,Practice Question,24.92753623,0,100,0-100,39.01821552,.,20,0,100,.,0,0,100,0,0,0,.,.,0,.,100,100,20,.,100,20,20,100,0,100,0,0,0,.,20,100,0,20,.,100,0,0,0,0,.,0,20,20,.,.,20,20,0,.,0,.,0,20,100,0,0,0,0,0,100,20,20,.,100,20,0,0,.,20,.,.,0,0,0,100,0,0,100,.,0,0,.,.,0,0,0,0,0,20
1.4.4b) SOE non-commercial spending,Practice Question,43.51851852,0,100,0-100,38.90760257,.,0,50,.,.,100,0,.,0,100,50,.,.,100,.,.,.,0,.,.,50,50,.,0,.,100,50,0,.,50,.,100,100,.,.,100,100,50,0,.,0,0,100,.,.,0,50,50,.,100,.,100,50,.,50,0,50,0,0,.,.,50,.,.,50,0,.,.,50,.,0,0,50,100,.,100,0,.,.,50,0,.,.,50,50,50,0,0,50
1.4.5) SOE FINANCIAL REPORTING PRACTICE,Practice Indicator,59.79342254,0,100,0-100,43.66955445,.,76,96,100,.,100,16,80,100,0,100,.,.,33.333,.,0,100,80,.,100,0,96,0,0,0,56,20,0,0,0,0,80,100,.,100,100,100,100,0,0,100,96,100,.,.,20,0,100,.,84,.,100,20,100,96,0,20,0,20,100,36,96,.,100,96,100,20,.,100,0,20,.,96,80,100,100,20,0,.,100,20,.,.,100,100,100,.,96,76
1.4.5a) SOE audit timeframe,Practice Question,69.11764706,0,100,0-100,46.54432309,.,0,100,100,.,100,0,100,.,0,100,.,.,100,.,0,100,100,.,100,0,100,0,.,0,0,0,0,0,.,0,100,100,.,100,100,100,100,0,0,100,100,100,.,.,100,0,100,.,100,.,100,100,100,100,0,100,0,100,100,100,100,.,100,100,100,100,.,100,0,100,.,100,0,100,100,100,0,.,100,100,.,.,100,100,100,.,100,0
1.4.5b) SOE annual report disclosure,Practice Question,58,0,100,0-100,46.33213428,.,80,80,100,.,100,80,100,100,0,100,.,.,0,.,0,100,100,.,100,0,80,0,0,0,80,0,0,0,0,0,100,100,.,100,100,100,100,0,.,100,80,100,.,.,0,0,100,.,20,.,100,0,100,80,0,0,0,0,100,80,80,.,100,80,100,0,.,100,0,0,.,80,100,100,100,0,0,.,100,0,.,.,100,100,100,.,80,80
1.4.5c) SOE balance sheet disclosure,Practice Question,60.86956522,0,100,0-100,49.16177169,.,100,100,100,.,100,0,100,100,0,100,.,.,.,.,0,100,100,.,100,0,100,0,0,0,100,0,0,0,0,0,100,100,.,100,100,100,100,0,.,100,100,100,.,.,0,0,100,.,100,.,100,0,100,100,0,0,0,0,100,0,100,.,100,100,100,0,.,100,0,0,.,100,100,100,100,0,0,.,100,0,.,.,100,100,100,.,100,100
1.4.5d) SOE cash flow statement disclosure,Practice Question,54.28571429,0,100,0-100,50.17567482,.,100,100,100,.,100,0,0,100,0,100,.,.,0,.,0,100,0,.,100,0,100,0,0,0,0,0,0,0,0,0,0,100,.,100,100,100,100,0,.,100,100,100,.,.,0,0,100,.,100,.,100,0,100,100,0,0,0,0,100,0,100,.,100,100,100,0,.,100,0,0,.,100,100,100,100,0,0,.,100,0,.,.,100,100,100,.,100,100
1.4.5e) SOE income statement disclosure,Practice Question,62.31884058,0,100,0-100,48.81371937,.,100,100,100,.,100,0,100,100,0,100,.,.,.,.,0,100,100,.,100,0,100,0,0,0,100,100,0,0,0,0,100,100,.,100,100,100,100,0,.,100,100,100,.,.,0,0,100,.,100,.,100,0,100,100,0,0,0,0,100,0,100,.,100,100,100,0,.,100,0,0,.,100,100,100,100,0,0,.,100,0,.,.,100,100,100,.,100,100
1.4.6) SOE PRODUCTION DISCLOSURE,Practice Indicator,65,0,100,0-100,39.95468448,.,80,90,100,.,100,0,100,100,50,100,.,.,100,.,80,100,100,.,100,80,80,100,80,.,90,50,0,0,40,0,80,100,.,0,100,100,100,0,90,100,40,40,.,.,0,80,100,.,80,.,100,0,90,50,0,90,40,100,100,0,40,.,100,80,100,100,.,50,0,0,0,.,.,100,100,80,0,.,80,90,.,.,0,100,50,0,100,80
1.4.6a) SOE production volume disclosure,Practice Question,66.28571429,0,100,0-100,43.00897879,.,80,80,100,.,100,0,100,100,80,100,.,.,100,.,80,100,100,.,100,80,80,100,80,.,100,0,0,0,80,0,80,100,.,0,100,100,100,0,100,100,80,80,.,.,0,80,100,.,80,.,100,0,80,0,0,100,0,100,100,0,0,.,100,80,100,100,.,100,0,0,0,.,.,100,100,80,0,.,80,100,.,.,0,100,100,0,100,80
1.4.6b) SOE sales volume disclosure,Practice Question,63.1884058,0,100,0-100,43.74030157,.,80,100,100,.,100,0,100,100,20,100,.,.,100,.,80,100,100,.,100,80,80,.,80,.,80,100,0,0,0,0,80,100,.,0,100,100,100,0,80,100,0,0,.,.,0,80,100,.,80,.,100,0,100,100,0,80,80,100,100,0,80,.,100,80,100,100,.,0,0,0,0,.,.,100,100,80,0,.,80,80,.,.,0,100,0,0,100,80
1.4.7) COMMODITY SALE RULES,Law Indicator,24.08675342,0,100,0-100,28.86957953,.,0,25,100,.,0,0,33.333,66.667,25,0,.,.,25,.,0,75,0,.,0,50,50,0,0,0,25,0,25,0,25,0,0,25,.,16.667,33.333,25,0,0,87.5,12.5,50,25,.,.,25,0,0,.,0,.,37.5,0,100,75,0,0,25,0,25,75,33.333,.,0,0,0,0,.,75,50,0,0,50,25,12.5,75,50,0,0,66.667,0,.,.,50,0,33.333,75,.,0
1.4.7a) SOE production buyer selection rule,Law Question,18.30985915,0,100,0-100,38.95000149,.,0,0,100,.,0,0,0,0,100,0,.,.,0,.,0,0,0,.,0,0,0,0,0,0,0,0,0,.,100,0,0,0,.,0,0,0,0,.,100,0,0,0,.,.,0,0,0,.,0,.,0,0,100,100,0,0,0,0,0,100,0,.,0,0,0,0,.,100,0,0,0,0,0,0,100,100,0,0,100,0,.,.,100,0,0,100,.,0
1.4.7b) SOE production sale price rule,Law Question,30.98591549,0,100,0-100,46.5726753,.,0,0,100,.,0,0,100,100,0,0,.,.,0,.,0,100,0,.,0,100,0,0,0,0,100,0,100,.,0,0,0,0,.,0,100,100,0,.,100,0,100,0,.,.,0,0,0,.,0,.,100,0,100,100,0,0,0,0,0,100,0,.,0,0,0,0,.,0,0,0,0,0,100,0,100,100,0,0,100,0,.,.,100,0,100,100,.,0
1.4.7c) SOE sales proceed transfer rule,Law Question,28.57142857,0,100,0-100,45.53825555,.,0,100,100,.,0,0,0,.,0,0,.,.,100,.,0,100,0,.,.,100,100,0,.,0,0,0,0,.,0,0,0,100,.,.,0,0,0,.,100,0,100,0,.,.,100,.,0,.,0,.,0,0,.,100,0,0,0,0,0,100,100,.,0,0,0,0,.,100,100,0,.,100,0,0,100,0,0,0,.,0,.,.,0,0,0,100,.,0
1.4.7d) SOE sales disclosure rule,Law Question,20.49180328,0,100,0-100,38.05374399,.,0,0,100,.,0,0,.,100,0,0,.,.,0,.,0,100,.,.,0,0,100,0,.,0,0,0,0,0,0,0,.,0,.,50,.,0,0,0,50,50,0,100,.,.,0,.,.,.,.,.,50,0,.,0,0,0,100,0,100,0,.,.,0,0,0,0,.,100,100,0,.,100,0,50,0,0,0,0,0,0,.,.,0,0,.,0,.,0
1.4.8) COMMODITY SALE DISCLOSURES,Practice Indicator,20.46019403,0,75,0-75,16.75687544,.,25,37.5,25,.,37.5,25,37.5,37.5,25,25,.,.,37.5,.,62.5,25,12.5,.,0,12.5,25,.,12.5,0,12.5,0,0,.,0,0,0,50,.,25,.,37.5,25,0,50,25,12.5,0,.,.,0,25,25,.,25,.,12.5,12.5,12.5,25,0,25,25,37.5,25,0,12.5,.,0,25,25,12.5,.,37.5,.,12.5,0,25,.,25,0,25,0,.,37.5,12.5,.,.,0,12.5,.,75,50,33.333
1.4.8a) SOE sold production volume disclosure,Practice Question,32.57575758,0,100,0-100,27.02196292,.,50,50,50,.,50,50,50,100,0,50,.,.,50,.,50,50,50,.,0,0,50,.,50,0,50,0,0,.,0,0,0,100,.,50,.,50,50,0,50,50,0,0,.,.,0,50,50,.,50,.,0,0,50,0,0,50,50,50,50,0,50,.,0,0,50,50,.,50,.,0,0,0,.,50,.,50,0,.,50,50,.,.,0,50,.,50,50,50
1.4.8b) SOE sold production value disclosure,Practice Question,32.8125,0,100,0-100,27.04897088,.,50,50,50,.,50,50,50,50,0,50,.,.,50,.,100,50,0,.,0,50,50,.,0,.,0,0,0,.,0,0,0,100,.,50,.,50,50,0,50,50,50,0,.,.,0,50,50,.,50,.,50,50,0,50,0,50,50,50,50,0,0,.,0,50,50,0,.,50,.,50,0,50,.,50,.,50,0,.,50,0,.,.,0,0,.,50,.,50
1.4.8c) SOE production sale date disclosure,Practice Question,6.25,0,100,0-100,20.89277235,.,0,50,0,.,0,0,0,0,0,0,.,.,50,.,100,0,0,.,0,0,0,.,0,.,0,0,0,.,0,0,0,0,.,0,.,0,0,0,50,0,0,0,.,.,0,0,0,.,0,.,0,0,0,0,0,0,0,50,0,0,0,.,0,0,0,0,.,0,.,0,.,0,.,0,0,0,0,.,0,0,.,.,0,0,.,100,.,0
1.4.8d) SOE production buyers disclosure,Practice Question,10.31746032,0,100,0-100,24.02742076,.,0,0,0,.,50,0,50,0,100,0,.,.,0,.,0,0,0,.,0,0,0,.,0,.,0,0,0,.,0,0,0,0,.,0,.,50,0,0,50,0,0,0,.,.,0,0,0,.,0,.,0,0,0,50,0,0,0,0,0,0,0,.,0,50,0,0,.,50,.,0,.,50,.,0,0,0,0,.,50,0,.,.,0,0,.,100,.,.
1.4.9) SOE JOINT VENTURES AND SUBSIDIARIES DISCLOSURE,Practice Indicator,48.50477143,0,100,0-100,30.58220525,.,48,16,80,.,80,8,40,40,40,80,.,.,40,.,60,100,24,.,60,20,80,40,32,32,0,0,0,0,.,0,0,100,.,40,100,100,80,20,.,60,88,56,.,.,32,0,100,.,12,.,80,56,60,56,0,26.667,32,40,80,56,48,.,.,48,60,60,.,66.667,0,60,70,52,80,80,60,0,0,.,80,36,.,.,60,60,100,60,56,64
1.4.9a) SOE joint ventures disclosure,Practice Question,71.42857143,0,100,0-100,40.65712816,.,80,0,100,.,100,20,0,20,100,100,.,.,100,.,80,100,100,.,100,20,80,100,80,80,0,0,0,0,.,0,0,100,.,100,100,100,100,0,.,100,100,100,.,.,80,0,100,.,20,.,100,100,100,100,0,80,80,100,100,100,80,.,.,80,100,100,.,100,0,100,100,80,100,100,100,0,0,.,100,80,.,.,100,100,100,80,100,80
1.4.9b) SOE joint venture participatory interest disclosure,Practice Question,61.42857143,0,100,0-100,45.08560985,.,80,0,100,.,100,20,0,20,0,100,.,.,100,.,100,100,0,.,100,0,80,0,80,80,0,0,0,0,.,0,0,100,.,100,100,100,100,0,.,100,80,80,.,.,0,0,100,.,20,.,100,80,100,100,0,0,80,0,100,100,80,.,.,80,100,100,.,100,0,100,100,80,100,100,100,0,0,.,100,0,.,.,100,100,100,80,100,80
1.4.9c) SOE joint venture cost and revenue disclosure,Practice Question,22.64705882,0,100,0-100,41.30764257,.,0,0,100,.,100,0,0,0,0,100,.,.,0,.,0,100,0,.,0,0,80,0,0,0,0,0,0,0,.,0,0,100,.,0,100,100,100,0,.,0,80,0,.,.,0,0,100,.,0,.,0,0,0,0,0,0,0,0,0,0,0,.,.,0,0,0,.,0,0,0,.,0,100,100,0,0,0,.,100,0,.,.,0,0,100,.,0,80
1.4.9d) SOE subsidiaries disclosure,Practice Question,70.15873016,0,100,0-100,41.71686684,.,80,80,100,.,100,0,100,80,100,100,.,.,0,.,.,100,20,.,100,80,.,100,0,0,0,0,0,0,.,0,.,100,.,0,100,100,100,100,.,100,100,100,.,.,80,0,100,.,20,.,100,100,100,80,.,.,0,100,100,80,80,.,.,80,100,100,.,.,0,100,80,100,100,100,100,0,.,.,100,100,.,.,100,100,100,20,80,80
1.4.9e) SOE subsidiaries cost and revenue disclosure,Practice Question,17.09677419,0,100,0-100,37.25794433,.,0,0,0,.,0,0,100,80,0,0,.,.,0,.,.,100,0,.,0,0,.,0,0,0,0,0,0,.,.,0,0,100,.,0,100,100,0,0,.,0,80,0,.,.,0,0,100,.,0,.,100,0,0,0,.,.,0,0,100,0,0,.,.,0,0,0,.,.,0,0,0,0,0,0,0,0,.,.,0,0,.,.,0,0,100,.,0,0
1.4.10) SOE CORPORATE GOVERNANCE PRACTICE,Practice Indicator,46.21621622,0,100,0-100,37.40568789,.,60,50,60,.,100,50,10,60,100,100,.,.,10,.,10,100,100,.,100,10,10,10,50,10,60,0,0,0,0,10,50,50,.,10,100,100,100,100,100,100,100,0,.,.,50,10,100,.,0,.,60,10,60,50,0,0,0,10,100,100,50,.,60,50,60,10,.,100,10,0,10,50,50,50,60,10,0,50,100,60,.,.,10,50,50,0,50,50
1.4.10a) SOE code of conduct,Practice Question,39.18918919,0,100,0-100,49.15050291,.,100,0,100,.,100,0,0,100,100,100,.,.,0,.,0,100,100,.,100,0,0,0,0,0,100,0,0,0,0,0,0,0,.,0,100,100,100,100,100,100,100,0,.,.,0,0,100,.,0,.,100,0,100,0,0,0,0,0,100,100,0,.,100,100,100,0,.,100,0,0,0,0,0,0,100,0,0,0,100,100,.,.,0,0,0,0,0,0
1.4.10b) SOE board of directors independence,Practice Question,53.33333333,0,100,0-100,43.76634504,.,20,100,20,.,100,100,20,20,100,100,.,.,20,.,20,100,100,.,100,20,20,20,100,20,20,0,0,0,0,20,100,100,.,20,100,100,100,100,.,100,100,.,.,.,100,20,100,.,0,.,20,20,20,100,0,0,0,20,100,100,100,.,20,0,20,20,.,100,20,0,20,100,100,100,20,20,0,100,100,20,.,.,20,100,100,0,100,100
2) REVENUE MANAGEMENT,Component,43.44262921,0,85.477,0-85,18.27210507,30.54,24.556,31.453,54,50.694,42.611,25.833,35,51.08,61.639,78.35,53.918,18,70,58.75,43.002,80.833,54,81.643,85.477,44,60,23,34.63,20.385,58.49,30,18.472,5,38.31,46.722,37.425,64.667,35,24.155,65.65,76.26,76.26,44.861,47.195,53.681,50.556,51.08,30,30,20.472,34.425,40.757,70,10,52.605,53.813,54.494,35,42.105,30,30,60.08,43.716,83.639,43.472,50,56.61,51.882,19.083,40.139,24.028,35,40,47.195,25.916,40,40,56.667,56.944,40,30,0,42.056,40,15.694,68,63.49,25,34.434,30,27.5,35,30
2.1) NATIONAL BUDGETING,Sub-Component,42.66853933,0,86.5,0-87,18.98892378,30,28,38,54,40,33,20,35,40,58,79,55,18,70,30,45,70,54,75,86.5,44,60,23,33,33,60,30,30,5,30,70,36,36,35,25,79.5,80,80,20,40,40,40,40,30,30,9,30,56,70,10,56,75,48,35,35,30,30,58,70,77,40,50,70,53,34,40,30,35,40,40,40,40,40,25,40,40,30,0,48,40,10,68,70,25,50,30,27.5,35,30
2.1.1) ONLINE DATA PORTAL,Practice Indicator,6.022727273,0,95,0-95,21.23904844,0,0,0,95,0,0,0,0,0,0,70,0,0,0,0,0,0,70,0,57.5,0,0,0,0,0,0,0,0,0,0,0,0,0,0,0,47.5,0,0,0,0,0,0,0,0,0,0,0,0,0,0,0,95,0,0,0,0,0,0,0,95,0,0,0,0,0,0,0,0,0,0,0,0,0,0,0,0,0,0,0,0,0,0,0,0,0,0,.,0,0
2.1.1a) Online data portal coverage,Practice Question,8.045977011,0,100,0-100,27.35805143,0,.,0,100,0,0,0,0,0,0,100,0,0,0,0,0,0,100,0,100,0,0,0,0,0,0,0,0,0,0,0,0,0,0,0,100,0,0,0,0,0,0,0,0,0,0,0,0,0,0,0,100,0,0,0,0,0,0,0,100,0,0,0,0,0,0,0,0,0,0,0,0,0,0,0,0,0,0,0,0,0,0,0,0,0,0,.,0,0
2.1.1b) Online data portal timeliness,Practice Question,5.681818182,0,100,0-100,23.28215016,0,0,0,100,0,0,0,0,0,0,100,0,0,0,0,0,0,100,0,0,0,0,0,0,0,0,0,0,0,0,0,0,0,0,0,0,0,0,0,0,0,0,0,0,0,0,0,0,0,0,0,100,0,0,0,0,0,0,0,100,0,0,0,0,0,0,0,0,0,0,0,0,0,0,0,0,0,0,0,0,0,0,0,0,0,0,.,0,0
2.1.1c) Online data portal machine-readability,Practice Question,6.477272727,0,90,0-90,22.18209761,0,0,0,80,0,0,0,0,0,0,80,0,0,0,0,0,0,80,0,80,0,0,0,0,0,0,0,0,0,0,0,0,0,0,0,90,0,0,0,0,0,0,0,0,0,0,0,0,0,0,0,80,0,0,0,0,0,0,0,80,0,0,0,0,0,0,0,0,0,0,0,0,0,0,0,0,0,0,0,0,0,0,0,0,0,0,.,0,0
2.1.1d) Online data portal open license,Practice Question,3.977272727,0,100,0-100,18.90932828,0,0,0,100,0,0,0,0,0,0,0,0,0,0,0,0,0,0,0,50,0,0,0,0,0,0,0,0,0,0,0,0,0,0,0,0,0,0,0,0,0,0,0,0,0,0,0,0,0,0,0,100,0,0,0,0,0,0,0,100,0,0,0,0,0,0,0,0,0,0,0,0,0,0,0,0,0,0,0,0,0,0,0,0,0,0,.,0,0
2.1.2) FISCAL RULES,Law Indicator,30.6741573,0,100,0-100,41.14270489,0,0,0,50,0,40,0,0,0,40,100,100,0,100,0,100,100,0,100,100,100,100,0,0,0,50,0,100,0,0,100,0,0,0,0,100,100,100,0,0,0,0,0,0,0,0,0,40,100,0,50,50,50,0,0,0,0,100,100,40,0,50,100,40,0,50,0,0,0,0,0,50,50,0,0,0,0,0,40,0,0,90,100,0,50,0,0,0,0
2.1.2a) Fiscal rule existence,Law Question,38.87640449,0,100,0-100,47.70739895,0,0,0,100,0,80,0,0,0,80,100,100,0,100,0,100,100,0,100,100,100,100,0,0,0,100,0,100,0,0,100,0,0,0,0,100,100,100,0,0,0,0,0,0,0,0,0,80,100,0,100,100,100,0,0,0,0,100,100,80,0,100,100,80,0,100,0,0,0,0,0,100,100,0,0,0,0,0,80,0,0,80,100,0,100,0,0,0,0
2.1.2b) Fiscal rule monitoring requirement,Law Question,55.55555556,0,100,0-100,50.39526307,.,.,.,0,.,0,.,.,.,0,100,100,.,100,.,100,100,.,100,100,100,100,.,.,.,0,.,100,.,.,100,.,.,.,.,100,100,100,.,.,.,.,.,.,.,.,.,0,100,.,0,0,0,.,.,.,.,100,100,0,.,0,100,0,.,0,.,.,.,.,.,0,0,.,.,.,.,.,0,.,.,100,100,.,0,.,.,.,.
2.1.3) FISCAL RULE PRACTICE,Practice Indicator,18.75,0,100,0-100,29.66527828,0,0,0,0,0,50,0,0,0,50,50,50,0,50,0,50,50,0,100,100,50,50,0,0,0,50,0,50,0,0,50,0,0,0,0,50,100,100,0,0,0,0,0,0,0,0,0,50,50,0,50,50,0,0,0,0,0,50,50,50,0,0,50,50,0,0,0,0,0,0,0,0,0,.,0,0,0,0,0,0,0,100,50,0,0,0,0,0,0
2.1.3a) Fiscal rule adherence,Practice Question,14.11764706,0,100,0-100,35.02700039,0,0,0,0,0,100,0,0,0,100,0,0,0,0,0,0,0,0,100,100,0,0,0,0,0,100,0,0,0,0,0,0,0,0,0,0,100,100,0,0,0,0,0,0,0,0,0,100,0,0,0,0,0,0,0,0,0,0,100,100,0,0,0,100,0,0,0,0,0,0,0,.,.,.,0,0,0,0,.,0,0,100,0,0,0,0,0,0,0
2.1.3b) Fiscal rule monitoring timeframe,Practice Question,58.33333333,0,100,0-100,50,.,.,.,0,.,0,.,.,.,0,100,100,.,100,.,100,100,.,100,100,100,100,.,.,.,0,.,100,.,.,100,.,.,.,.,100,100,100,.,.,.,.,.,.,.,.,.,0,100,.,100,100,0,.,.,.,.,100,0,0,.,0,100,0,.,0,.,.,.,.,.,0,0,.,.,.,.,.,0,.,.,100,100,.,0,.,.,.,.
2.1.4) NATIONAL BUDGET DISCLOSURE,Practice Indicator,77.24719101,0,100,0-100,27.02073316,50,100,100,75,100,75,100,75,100,100,75,75,50,100,100,25,100,100,75,75,70,50,25,75,75,100,100,0,25,50,100,80,80,75,25,100,100,100,100,100,100,100,100,50,50,45,50,100,100,50,80,80,100,75,75,50,50,50,100,100,100,100,100,75,70,100,100,75,100,100,100,50,50,100,100,100,50,0,100,100,50,100,100,25,100,100,20,75,50
2.1.4a) Revenue projections disclosure,Practice Question,61.79775281,0,100,0-100,47.35172546,0,100,100,100,100,0,100,0,100,100,100,0,0,100,100,0,100,100,100,100,80,0,0,0,0,100,100,0,100,0,100,20,20,0,0,100,100,100,100,100,100,100,100,0,0,80,0,100,100,0,20,20,100,100,0,0,0,100,100,100,100,100,100,0,80,100,100,0,100,100,100,0,0,100,100,100,0,0,100,100,0,100,100,0,100,100,80,100,0
2.1.4b) Budget disclosure,Practice Question,91.01123596,0,100,0-100,28.76412474,100,100,100,100,100,100,100,100,100,100,100,100,100,100,100,100,100,100,100,100,100,100,100,100,100,100,100,0,0,100,100,100,100,100,100,100,100,100,100,100,100,100,100,0,100,0,100,100,100,100,100,100,100,100,100,100,100,100,100,100,100,100,100,100,0,100,100,100,100,100,100,100,100,100,100,100,100,0,100,100,100,100,100,0,100,100,0,100,100
2.1.4c) Government expenditure disclosure,Practice Question,88.76404494,0,100,0-100,31.75975959,100,100,100,100,100,100,100,100,100,100,100,100,100,100,100,0,100,100,100,100,100,100,0,100,100,100,100,0,0,100,100,100,100,100,0,100,100,100,100,100,100,100,100,100,0,100,100,100,100,100,100,100,100,100,100,100,100,0,100,100,100,100,100,100,100,100,100,100,100,100,100,100,100,100,100,100,100,0,100,100,100,100,100,100,100,100,0,0,100
2.1.4d) Resource revenue disclosure,Practice Question,67.41573034,0,100,0-100,47.13443274,0,100,100,0,100,100,100,100,100,100,0,100,0,100,100,0,100,100,0,0,0,0,0,100,100,100,100,0,0,0,100,100,100,100,0,100,100,100,100,100,100,100,100,100,100,0,0,100,100,0,100,100,100,0,100,0,0,0,100,100,100,100,100,100,100,100,100,100,100,100,100,0,0,100,100,100,0,0,100,100,0,100,100,0,100,100,0,100,0
2.1.5) NATIONAL DEBT DISCLOSURE,Practice Indicator,80.33707865,0,100,0-100,34.72127453,100,40,90,50,100,0,0,100,100,100,100,50,40,100,50,50,100,100,100,100,0,100,90,90,90,100,50,0,0,100,100,100,100,100,100,100,100,100,0,100,100,100,100,100,100,0,100,90,100,0,100,100,90,100,100,100,100,90,100,100,100,100,100,100,100,50,50,100,100,100,100,100,100,0,100,100,100,0,100,100,0,50,100,100,100,50,90,100,100
2.1.5a) Debt level disclosure,Practice Question,85.39325843,0,100,0-100,32.85837999,100,80,80,100,100,0,0,100,100,100,100,100,80,100,100,100,100,100,100,100,0,100,80,80,80,100,100,0,0,100,100,100,100,100,100,100,100,100,0,100,100,100,100,100,100,0,100,80,100,0,100,100,80,100,100,100,100,80,100,100,100,100,100,100,100,100,100,100,100,100,100,100,100,0,100,100,100,0,100,100,0,100,100,100,100,100,80,100,100
2.1.5b) Debt currency denomination,Practice Question,75.28089888,0,100,0-100,43.38228293,100,0,100,0,100,0,0,100,100,100,100,0,0,100,0,0,100,100,100,100,0,100,100,100,100,100,0,0,0,100,100,100,100,100,100,100,100,100,0,100,100,100,100,100,100,0,100,100,100,0,100,100,100,100,100,100,100,100,100,100,100,100,100,100,100,0,0,100,100,100,100,100,100,0,100,100,100,0,100,100,0,0,100,100,100,0,100,100,100
2.2) SUBNATIONAL RESOURCE REVENUE SHARING,Sub-Component,49.60242424,7.77,77.7,Aug-78,17.25962489,31.08,.,31.08,.,.,.,.,.,62.16,.,77.7,52.836,.,.,.,67.34,.,.,69.93,69.93,.,.,.,36.26,7.77,56.98,.,.,.,46.62,.,38.85,.,.,23.31,51.8,72.52,72.52,.,54.39,.,.,62.16,.,.,.,38.85,24.605,.,.,49.21,41.44,73.815,.,49.21,.,.,62.16,56.98,.,.,.,31.08,50.764,.,.,.,.,.,54.39,31.08,.,.,.,.,.,.,.,.,.,.,.,56.98,.,31.08,.,.,.,.
2.2.1) SUBNATIONAL TRANSFER AGENCY RULES,Law Indicator,71.21212121,0,100,0-100,45.1218888,0,.,100,.,.,.,.,.,100,.,100,100,.,.,.,100,.,.,100,100,.,.,.,100,0,100,.,.,.,0,.,100,.,.,100,0,100,100,.,100,.,.,100,.,.,.,100,0,.,.,100,0,100,.,50,.,.,100,100,.,.,.,0,100,.,.,.,.,.,100,0,.,.,.,.,.,.,.,.,.,.,.,0,.,100,.,.,.,.
2.2.1a) Subnational agency rule,Law Question,71.21212121,0,100,0-100,45.1218888,0,.,100,.,.,.,.,.,100,.,100,100,.,.,.,100,.,.,100,100,.,.,.,100,0,100,.,.,.,0,.,100,.,.,100,0,100,100,.,100,.,.,100,.,.,.,100,0,.,.,100,0,100,.,50,.,.,100,100,.,.,.,0,100,.,.,.,.,.,100,0,.,.,.,.,.,.,.,.,.,.,.,0,.,100,.,.,.,.
2.2.2) SUBNATIONAL TRANSFER RULES,Law Indicator,90.90909091,50,100,50-100,18.55963974,100,.,100,.,.,.,.,.,100,.,100,100,.,.,.,100,.,.,50,50,.,.,.,100,50,100,.,.,.,100,.,100,.,.,50,100,100,100,.,100,.,.,100,.,.,.,100,75,.,.,50,100,75,.,100,.,.,100,100,.,.,.,100,100,.,.,.,.,.,100,100,.,.,.,.,.,.,.,.,.,.,.,100,.,100,.,.,.,.
2.2.2a) Revenue sharing formula,Law Question,96.96969697,50,100,50-100,12.11529211,100,.,100,.,.,.,.,.,100,.,100,100,.,.,.,100,.,.,100,100,.,.,.,100,100,100,.,.,.,100,.,100,.,.,100,100,100,100,.,100,.,.,100,.,.,.,100,50,.,.,100,100,50,.,100,.,.,100,100,.,.,.,100,100,.,.,.,.,.,100,100,.,.,.,.,.,.,.,.,.,.,.,100,.,100,.,.,.,.
2.2.2b) Revenue share amount specification,Law Question,84.84848485,0,100,0-100,36.41095406,100,.,100,.,.,.,.,.,100,.,100,100,.,.,.,100,.,.,0,0,.,.,.,100,0,100,.,.,.,100,.,100,.,.,0,100,100,100,.,100,.,.,100,.,.,.,100,100,.,.,0,100,100,.,100,.,.,100,100,.,.,.,100,100,.,.,.,.,.,100,100,.,.,.,.,.,.,.,.,.,.,.,100,.,100,.,.,.,.
2.2.3) SUBNATIONAL TRANSFER DISCLOSURE,Practice Indicator,51.01015152,0,100,0-100,37.47675203,0,.,0,.,.,.,.,.,100,.,100,40,.,.,.,33.333,.,.,100,100,.,.,.,33.333,0,66.667,.,.,.,0,.,50,.,.,0,33.333,66.667,66.667,.,100,.,.,0,.,.,.,50,83.333,.,.,66.667,66.667,100,.,66.667,.,.,0,66.667,.,.,.,100,76.667,.,.,.,.,.,50,0,.,.,.,.,.,.,.,.,.,.,.,66.667,.,0,.,.,.,.
2.2.3a) Revenues shared disclosure,Practice Question,53.03030303,0,100,0-100,45.65391881,0,.,0,.,.,.,.,.,100,.,100,20,.,.,.,20,.,.,100,100,.,.,.,20,0,50,.,.,.,0,.,20,.,.,0,0,100,100,.,100,.,.,0,.,.,.,20,50,.,.,100,100,100,.,100,.,.,0,100,.,.,.,100,100,.,.,.,.,.,50,0,.,.,.,.,.,.,.,.,.,.,.,100,.,0,.,.,.,.
2.2.3b) Revenues shared disclosure timeliness,Practice Question,66.66666667,0,100,0-100,45.18480571,0,.,0,.,.,.,.,.,100,.,100,100,.,.,.,80,.,.,100,100,.,.,.,80,0,100,.,.,.,0,.,80,.,.,0,0,100,100,.,100,.,.,0,.,.,.,80,100,.,.,100,100,100,.,100,.,.,0,100,.,.,.,100,80,.,.,.,.,.,100,0,.,.,.,.,.,.,.,.,.,.,.,100,.,0,.,.,.,.
2.2.3c) Revenues shared disclosure by revenue stream,Practice Question,31.25,0,100,0-100,43.53345025,0,.,0,.,.,.,.,.,100,.,100,0,.,.,.,0,.,.,100,100,.,.,.,0,0,50,.,.,.,0,.,50,.,.,0,100,0,0,.,.,.,.,0,.,.,.,50,100,.,.,0,0,100,.,0,.,.,0,0,.,.,.,100,50,.,.,.,.,.,0,0,.,.,.,.,.,.,.,.,.,.,.,0,.,0,.,.,.,.
2.2.4) SUBNATIONAL TRANSFER AUDIT RULE,Law Indicator,66.66666667,0,100,0-100,46.21056878,100,.,0,.,.,.,.,.,0,.,100,100,.,.,.,100,.,.,100,100,.,.,.,0,0,100,.,.,.,100,.,0,.,.,0,100,100,100,.,50,.,.,100,.,.,.,0,0,.,.,100,100,100,.,100,.,.,100,100,.,.,.,0,50,.,.,.,.,.,100,100,.,.,.,.,.,.,.,.,.,.,.,100,.,0,.,.,.,.
2.2.4a) Transfer audit requirement,Law Question,66.66666667,0,100,0-100,46.21056878,100,.,0,.,.,.,.,.,0,.,100,100,.,.,.,100,.,.,100,100,.,.,.,0,0,100,.,.,.,100,.,0,.,.,0,100,100,100,.,50,.,.,100,.,.,.,0,0,.,.,100,100,100,.,100,.,.,100,100,.,.,.,0,50,.,.,.,.,.,100,100,.,.,.,.,.,.,.,.,.,.,.,100,.,0,.,.,.,.
2.2.5) SUBNATIONAL TRANSFER AUDIT PRACTICE,Practice Indicator,37.5,0,100,0-100,49.18693768,0,.,0,.,.,.,.,.,100,.,.,0,.,.,.,100,.,.,100,100,.,.,.,0,0,0,.,.,.,100,.,0,.,.,0,100,100,100,.,0,.,.,100,.,.,.,0,0,.,.,0,0,100,.,0,.,.,100,0,.,.,.,0,0,.,.,.,.,.,0,0,.,.,.,.,.,.,.,.,.,.,.,100,.,0,.,.,.,.
2.2.5a) Transfer audit timeframe,Practice Question,37.5,0,100,0-100,49.18693768,0,.,0,.,.,.,.,.,100,.,.,0,.,.,.,100,.,.,100,100,.,.,.,0,0,0,.,.,.,100,.,0,.,.,0,100,100,100,.,0,.,.,100,.,.,.,0,0,.,.,0,0,100,.,0,.,.,100,0,.,.,.,0,0,.,.,.,.,.,0,0,.,.,.,.,.,.,.,.,.,.,.,100,.,0,.,.,.,.
2.3) SOVEREIGN WEALTH FUNDS,Sub-Component,48.71244118,4.167,100,4-100,30.19531112,.,21.111,25.278,.,61.389,52.222,31.667,.,.,65.278,.,.,.,.,87.5,16.667,91.667,.,100,100,.,.,.,.,.,.,.,6.944,.,.,23.444,.,93.333,.,.,.,.,.,69.722,.,67.361,61.111,.,.,.,31.944,.,41.667,.,.,.,45,41.667,.,.,.,.,.,4.167,90.278,46.944,.,68.75,.,4.167,40.278,18.056,.,.,.,6.667,.,.,88.333,73.889,.,.,.,36.111,.,21.389,.,.,.,22.222,.,.,.,.
2.3.1) SWF DEPOSIT AND WITHDRAWAL RULES,Law Indicator,51.96079412,0,100,0-100,37.77589052,.,33.333,0,.,50,16.667,33.333,.,.,16.667,.,.,.,.,100,33.333,100,.,100,100,.,.,.,.,.,.,.,16.667,.,.,0,.,100,.,.,.,.,.,66.667,.,66.667,100,.,.,.,66.667,.,0,.,.,.,66.667,100,.,.,.,.,.,0,66.667,100,.,66.667,.,0,33.333,0,.,.,.,33.333,.,.,100,100,.,.,.,33.333,.,33.333,.,.,.,33.333,.,.,.,.
2.3.1a) SWF withdrawal rule,Law Question,44.11764706,0,100,0-100,50.39947373,.,0,0,.,0,0,0,.,.,0,.,.,.,.,100,0,100,.,100,100,.,.,.,.,.,.,.,0,.,.,0,.,100,.,.,.,.,.,0,.,100,100,.,.,.,100,.,0,.,.,.,100,100,.,.,.,.,.,0,100,100,.,100,.,0,0,0,.,.,.,0,.,.,100,100,.,.,.,0,.,0,.,.,.,0,.,.,.,.
2.3.1b) SWF national budget review requirement,Law Question,52.94117647,0,100,0-100,49.1460046,.,0,0,.,50,0,0,.,.,50,.,.,.,.,100,100,100,.,100,100,.,.,.,.,.,.,.,0,.,.,0,.,100,.,.,.,.,.,100,.,100,100,.,.,.,100,.,0,.,.,.,0,100,.,.,.,.,.,0,100,100,.,0,.,0,0,0,.,.,.,100,.,.,100,100,.,.,.,0,.,100,.,.,.,0,.,.,.,.
2.3.1c) SWF deposit rule,Law Question,58.82352941,0,100,0-100,48.41516829,.,100,0,.,100,50,100,.,.,0,.,.,.,.,100,0,100,.,100,100,.,.,.,.,.,.,.,50,.,.,0,.,100,.,.,.,.,.,100,.,0,100,.,.,.,0,.,0,.,.,.,100,100,.,.,.,.,.,0,0,100,.,100,.,0,100,0,.,.,.,0,.,.,100,100,.,.,.,100,.,0,.,.,.,100,.,.,.,.
2.3.2) SWF DEPOSIT AND WITHDRAWAL PRACTICE,Practice Indicator,47.10785294,0,100,0-100,38.89316969,.,66.667,25,.,75,75,25,.,.,25,.,.,.,.,100,0,100,.,100,100,.,.,.,.,.,.,.,25,.,.,0,.,100,.,.,.,.,.,75,.,75,50,.,.,.,25,.,0,.,.,.,100,25,.,.,.,.,.,0,75,25,.,100,.,0,50,0,.,.,.,0,.,.,80,80,.,.,.,0,.,0,.,.,.,25,.,.,.,.
2.3.2a) SWF size of fund disclosure,Practice Question,54.54545455,0,100,0-100,50.56498968,.,100,100,.,100,100,0,.,.,100,.,.,.,.,100,0,100,.,100,100,.,.,.,.,.,.,.,0,.,.,0,.,100,.,.,.,.,.,100,.,100,0,.,.,.,0,.,0,.,.,.,100,0,.,.,.,.,.,0,100,0,.,100,.,0,100,0,.,.,.,.,.,.,100,100,.,.,.,0,.,0,.,.,.,0,.,.,.,.
2.3.2b) SWF deposit and withdrawal amounts disclosure,Practice Question,48.48484848,0,100,0-100,50.75192189,.,100,0,.,100,100,0,.,.,0,.,.,.,.,100,0,100,.,100,100,.,.,.,.,.,.,.,0,.,.,0,.,100,.,.,.,.,.,100,.,100,0,.,.,.,0,.,0,.,.,.,100,0,.,.,.,.,.,0,100,0,.,100,.,0,100,0,.,.,.,.,.,.,100,100,.,.,.,0,.,0,.,.,.,0,.,.,.,.
2.3.2c) SWF withdrawal rule adherence,Practice Question,38.82352941,0,100,0-100,48.97523839,.,0,0,.,0,0,0,.,.,0,.,.,.,.,100,0,100,.,100,100,.,.,.,.,.,.,.,0,.,.,0,.,100,.,.,.,.,.,0,.,100,100,.,.,.,100,.,0,.,.,.,100,0,.,.,.,.,.,0,100,100,.,100,.,0,0,0,.,.,.,0,.,.,20,100,.,.,.,0,.,0,.,.,.,0,.,.,.,.
2.3.2d) SWF deposit rule adherence,Practice Question,49.09090909,0,100,0-100,50.2719875,.,.,0,.,100,100,100,.,.,0,.,.,.,.,100,0,100,.,100,100,.,.,.,.,.,.,.,100,.,.,0,.,100,.,.,.,.,.,100,.,0,100,.,.,.,0,.,0,.,.,.,100,100,.,.,.,.,.,0,0,0,.,100,.,0,0,0,.,.,.,0,.,.,100,20,.,.,.,0,.,0,.,.,.,100,.,.,.,.
2.3.3) SWF INVESTMENT RULES,Law Indicator,36.36363636,0,100,0-100,34.28448828,.,0,0,.,0,25,0,.,.,50,.,.,.,.,25,0,50,.,100,100,.,.,.,.,.,.,.,0,.,.,50,.,100,.,.,.,.,.,100,.,50,25,.,.,.,0,.,50,.,.,.,.,50,.,.,.,.,.,0,100,50,.,50,.,25,25,0,.,.,.,0,.,.,50,50,.,.,.,50,.,25,.,.,.,0,.,.,.,.
2.3.3a) SWF domestic investment rule,Law Question,24.24242424,0,100,0-100,39.76731565,.,0,0,.,0,0,0,.,.,50,.,.,.,.,0,0,50,.,100,100,.,.,.,.,.,.,.,0,.,.,0,.,100,.,.,.,.,.,100,.,50,0,.,.,.,0,.,0,.,.,.,.,0,.,.,.,.,.,0,100,0,.,0,.,0,0,0,.,.,.,0,.,.,100,50,.,.,.,0,.,0,.,.,.,0,.,.,.,.
2.3.3b) SWF asset class rule,Law Question,48.48484848,0,100,0-100,42.36162858,.,0,0,.,0,50,0,.,.,50,.,.,.,.,50,0,50,.,100,100,.,.,.,.,.,.,.,0,.,.,100,.,100,.,.,.,.,.,100,.,50,50,.,.,.,0,.,100,.,.,.,.,100,.,.,.,.,.,0,100,100,.,100,.,50,50,0,.,.,.,0,.,.,0,50,.,.,.,100,.,50,.,.,.,0,.,.,.,.
2.3.4) SWF INVESTMENT PRACTICE,Practice Indicator,45.82827273,0,100,0-100,41.04284336,.,0,25,.,50,80,25,.,.,100,.,.,.,.,100,0,100,.,100,100,.,.,.,.,.,.,.,0,.,.,24,.,60,.,.,.,.,.,75,.,100,25,.,.,.,0,.,33.333,.,.,.,0,0,.,.,.,.,.,0,100,40,.,100,.,0,50,25,.,.,.,.,.,.,100,80,.,.,.,0,.,20,.,.,.,0,.,.,.,.
2.3.4a) SWF rate of return disclosure,Practice Question,46.875,0,100,0-100,50.70073487,.,0,0,.,100,100,0,.,.,100,.,.,.,.,100,0,100,.,100,100,.,.,.,.,.,.,.,0,.,.,0,.,100,.,.,.,.,.,100,.,100,0,.,.,.,0,.,0,.,.,.,.,0,.,.,.,.,.,0,100,0,.,100,.,0,100,0,.,.,.,.,.,.,100,100,.,.,.,0,.,0,.,.,.,0,.,.,.,.
2.3.4b) SWF assets held disclosure,Practice Question,37.5,0,100,0-100,49.18693768,.,0,0,.,0,100,0,.,.,100,.,.,.,.,100,0,100,.,100,100,.,.,.,.,.,.,.,0,.,.,0,.,0,.,.,.,.,.,100,.,100,0,.,.,.,0,.,0,.,.,.,.,0,.,.,.,.,.,0,100,0,.,100,.,0,0,0,.,.,.,.,.,.,100,100,.,.,.,0,.,0,.,.,.,0,.,.,.,.
2.3.4c) SWF asset class disclosure,Practice Question,41.93548387,0,100,0-100,50.16103101,.,0,100,.,0,100,0,.,.,100,.,.,.,.,100,0,100,.,100,100,.,.,.,.,.,.,.,0,.,.,0,.,0,.,.,.,.,.,0,.,100,0,.,.,.,0,.,.,.,.,.,.,0,.,.,.,.,.,0,100,0,.,100,.,0,0,100,.,.,.,.,.,.,100,100,.,.,.,0,.,0,.,.,.,0,.,.,.,.
2.3.4d) SWF national budget review practice,Practice Question,58.46153846,0,100,0-100,49.61389384,.,0,0,.,100,0,100,.,.,100,.,.,.,.,100,.,100,.,100,100,.,.,.,.,.,.,.,0,.,.,20,.,100,.,.,.,.,.,100,.,100,100,.,.,.,0,.,.,.,.,.,0,.,.,.,.,.,.,.,100,100,.,.,.,0,.,0,.,.,.,.,.,.,100,100,.,.,.,.,.,0,.,.,.,0,.,.,.,.
2.3.4e) SWF asset class rule adherence,Practice Question,93.75,0,100,0-100,25,.,.,.,.,.,100,.,.,.,100,.,.,.,.,100,.,100,.,100,100,.,.,.,.,.,.,.,.,.,.,100,.,100,.,.,.,.,.,.,.,.,.,.,.,.,.,.,100,.,.,.,.,.,.,.,.,.,.,.,100,100,.,100,.,.,100,.,.,.,.,.,.,.,100,0,.,.,.,.,.,100,.,.,.,.,.,.,.,.
2.3.5) SWF FINANCIAL REPORTING RULES,Law Indicator,67.89220588,0,100,0-100,34.98930113,.,0,75,.,100,50,100,.,.,100,.,.,.,.,100,66.667,100,.,100,100,.,.,.,.,.,.,.,0,.,.,66.667,.,100,.,.,.,.,.,75,.,62.5,100,.,.,.,66.667,.,100,.,.,.,25,75,.,.,.,.,.,25,100,66.667,.,62.5,.,0,50,16.667,.,.,.,0,.,.,100,100,.,.,.,100,.,50,.,.,.,75,.,.,.,.
2.3.5a) SWF annual financial reporting requirement,Law Question,80.88235294,0,100,0-100,38.95355798,.,0,100,.,100,50,100,.,.,100,.,.,.,.,100,100,100,.,100,100,.,.,.,.,.,.,.,0,.,.,100,.,100,.,.,.,.,.,100,.,100,100,.,.,.,100,.,100,.,.,.,100,100,.,.,.,.,.,0,100,100,.,100,.,0,100,0,.,.,.,0,.,.,100,100,.,.,.,100,.,100,.,.,.,100,.,.,.,.
2.3.5b) SWF financial report disclosure rule,Law Question,78.26086957,0,100,0-100,42.17411678,.,.,100,.,100,100,.,.,.,100,.,.,.,.,100,.,100,.,100,100,.,.,.,.,.,.,.,.,.,.,0,.,100,.,.,.,.,.,100,.,100,.,.,.,.,.,.,.,.,.,.,0,100,.,.,.,.,.,0,100,.,.,100,.,0,100,.,.,.,.,0,.,.,100,100,.,.,.,.,.,.,.,.,.,100,.,.,.,.
2.3.5c) SWF financial audit requirement,Law Question,65.15151515,0,100,0-100,44.16738135,.,0,100,.,100,50,100,.,.,100,.,.,.,.,100,100,100,.,100,100,.,.,.,.,.,.,.,0,.,.,.,.,100,.,.,.,.,.,100,.,50,100,.,.,.,100,.,100,.,.,.,0,100,.,.,.,.,.,0,100,0,.,50,.,0,0,50,.,.,.,0,.,.,100,100,.,.,.,100,.,50,.,.,.,0,.,.,.,.
2.3.5d) SWF legislative review requirement,Law Question,52.94117647,0,100,0-100,50.66403971,.,0,0,.,100,0,100,.,.,100,.,.,.,.,100,0,100,.,100,100,.,.,.,.,.,.,.,0,.,.,100,.,100,.,.,.,.,.,0,.,0,100,.,.,.,0,.,100,.,.,.,0,0,.,.,.,.,.,100,100,100,.,0,.,0,0,0,.,.,.,0,.,.,100,100,.,.,.,100,.,0,.,.,.,100,.,.,.,.
2.3.6) SWF FINANCIAL REPORTING PRACTICE,Practice Indicator,44.01961765,0,100,0-100,39.67697762,.,26.667,26.667,.,93.333,66.667,6.667,.,.,100,.,.,.,.,100,0,100,.,100,100,.,.,.,.,.,.,.,0,.,.,0,.,100,.,.,.,.,.,26.667,.,50,66.667,.,.,.,33.333,.,66.667,.,.,.,33.333,0,.,.,.,.,.,0,100,0,.,33.333,.,0,33.333,66.667,.,.,.,0,.,.,100,33.333,.,.,.,33.333,.,0,.,.,.,0,.,.,.,.
2.3.6a) SWF financial report disclosure,Practice Question,54.54545455,0,100,0-100,48.02934709,.,80,80,.,80,100,0,.,.,100,.,.,.,.,100,0,100,.,100,100,.,.,.,.,.,.,.,0,.,.,0,.,100,.,.,.,.,.,80,.,100,0,.,.,.,0,.,0,.,.,.,100,0,.,.,.,.,.,0,100,0,.,100,.,0,100,100,.,.,.,.,.,.,100,80,.,.,.,0,.,0,.,.,.,0,.,.,.,.
2.3.6b) SWF financial audit timeframe,Practice Question,43.75,0,100,0-100,50.40161288,.,0,0,.,100,100,0,.,.,100,.,.,.,.,100,0,100,.,100,100,.,.,.,.,.,.,.,0,.,.,0,.,100,.,.,.,.,.,0,.,.,100,.,.,.,100,.,100,.,.,.,0,.,.,.,.,.,.,0,100,0,.,0,.,0,0,100,.,.,.,0,.,.,100,0,.,.,.,0,.,0,.,.,.,0,.,.,.,.
2.3.6c) SWF legislative review,Practice Question,32.5,0,100,0-100,46.48967974,.,0,0,.,100,0,20,.,.,100,.,.,.,.,100,0,100,.,100,100,.,.,.,.,.,.,.,0,.,.,0,.,.,.,.,.,.,.,0,.,0,100,.,.,.,0,.,100,.,.,.,0,0,.,.,.,.,.,0,100,0,.,0,.,0,0,0,.,.,.,0,.,.,.,20,.,.,.,100,.,0,.,.,.,0,.,.,.,.
3) ENABLING ENVIRONMENT,Component,49.34586517,5.486,97.05,May-97,23.49175317,13.75,34.836,24.8,58.362,95.581,48.757,63.167,34.1,49.086,81.029,71.762,56.862,39.786,32.924,96.857,19.129,89.552,58.89,67.414,67.414,29.271,45.671,56.714,12.214,12.214,51.862,40.876,16.817,10.317,36.89,44.329,70.436,70.436,46.414,36.686,69.233,64.5,64.5,33.9,15.564,61.014,67.107,43.679,41.143,41.486,6.321,37.757,77.005,41.676,36,65.052,65.052,73,64.095,42.814,19.348,19.348,46.721,30.795,97.05,76.086,40.186,61.633,67.443,76.576,47,60.033,39.533,79.762,5.486,10.586,53.221,53.221,41.5,71.379,66.776,66.776,20.614,46.767,44.867,77.781,94.529,93.286,22.279,16.814,58.721,11.305,58.452,19.805
3.1) VOICE AND ACCOUNTABILITY,Sub-Component,51.11573034,1.2,98.7,Jan-99,28.56710958,29.2,46.3,28,84.1,96.3,14.6,20.7,51.2,73.1,87.8,85.3,68.2,34.1,41.4,97.5,18.2,92.6,9.7,71.9,71.9,40.2,53.6,12.1,21.9,21.9,62.1,32.9,3.6,2.4,24.3,42.6,90.2,90.2,56,45.1,86.5,78,78,10.9,25.6,30.4,48.7,52.4,8.5,63.4,17,57.3,58.5,65.8,43.9,69.5,69.5,82.9,47.5,60.9,23.1,23.1,64.6,54.8,98.7,37.8,75.6,80.4,76.8,39,35.3,7.3,59.7,91.4,13.4,6,67,67,79.2,89,81.7,81.7,1.2,50,74.3,36.5,95.1,93.9,4.8,31.7,19.5,15.8,70.7,26.8
3.2) GOVERNMENT EFFECTIVENESS,Sub-Component,50.08651685,1.2,98.7,Jan-99,28.40663011,12.1,52.4,25.6,68.2,95.1,60.9,87.8,36.5,41.4,86.5,64.6,48.7,39,31.7,97.5,8.5,91.4,85.3,71.9,71.9,24.3,42.6,74.3,4.8,4.8,56,32.9,9.7,6,43.9,35.3,59.7,59.7,37.8,20.7,78,62.1,62.1,63.4,14.6,70.7,73.1,29.2,53.6,10.9,2.4,13.4,89,28,23.1,81.7,81.7,57.3,69.5,34.1,17,17,46.3,26.8,98.7,76.8,45.1,58.5,79.2,90.2,65.8,80.4,15.8,84.1,1.2,7.3,47.5,47.5,21.9,82.9,67,67,30.4,54.8,51.2,93.9,96.3,92.6,40.2,18.2,75.6,3.6,50,19.5
3.3) REGULATORY QUALITY,Sub-Component,50.58202247,1.2,98.7,Jan-99,28.57052503,24.3,20.7,30.4,28,97.5,65.8,90.2,29.2,31.7,84.1,68.2,62.1,54.8,32.9,96.3,18.2,93.9,64.6,82.9,82.9,19.5,51.2,15.8,12.1,12.1,21.9,42.6,10.9,2.4,25.6,41.4,75.6,75.6,70.7,36.5,59.7,69.5,69.5,13.4,17,76.8,73.1,56,40.2,34.1,1.2,43.9,89,47.5,37.8,81.7,81.7,63.4,71.9,53.6,14.6,14.6,45.1,39,95.1,86.5,48.7,85.3,74.3,87.8,50,78,35.3,80.4,6,9.7,60.9,60.9,26.8,79.2,58.5,58.5,3.6,67,46.3,91.4,98.7,92.6,7.3,4.8,52.4,23.1,57.3,8.5
3.4) RULE OF LAW,Sub-Component,50.38876404,1.2,98.7,Jan-99,28.56772431,4.8,39,21.9,41.4,96.3,53.6,85.3,47.5,20.7,89,74.3,56,32.9,30.4,97.5,19.5,92.6,69.5,70.7,70.7,25.6,51.2,50,6,6,26.8,58.5,9.7,8.5,60.9,54.8,82.9,82.9,29.2,18.2,78,63.4,63.4,31.7,7.3,65.8,80.4,28,45.1,36.5,3.6,48.7,87.8,43.9,40.2,59.7,59.7,64.6,76.8,37.8,14.6,14.6,52.4,24.3,98.7,86.5,35.3,57.3,67,91.4,46.3,84.1,34.1,81.7,2.4,15.8,62.1,62.1,17,75.6,79.2,79.2,10.9,68.2,42.6,90.2,95.1,93.9,23.1,1.2,71.9,13.4,73.1,12.1
3.5) CONTROL OF CORRUPTION,Sub-Component,50.32022472,1.2,98.7,Jan-99,28.18614739,9.7,48.7,7.3,57.3,97.5,36.5,85.3,32.9,47.5,89,65.8,73.1,24.3,25.6,95.1,13.4,92.6,75.6,74.3,74.3,18.2,68.2,84.1,17,17,51.2,59.7,1.2,10.9,69.5,50,79.2,79.2,45.1,29.2,71.9,63.4,63.4,54.8,8.5,41.4,78,21.9,35.3,53.6,3.6,40.2,87.8,52.4,30.4,42.6,42.6,62.1,76.8,37.8,31.7,31.7,58.5,20.7,98.7,86.5,26.8,56,67,90.2,34.1,82.9,39,81.7,2.4,4.8,43.9,43.9,46.3,60.9,80.4,80.4,15.8,23.1,28,91.4,96.3,93.9,19.5,12.1,64.6,6,70.7,14.6
3.6) POLITICAL STABILITY AND ABSENCE OF VIOLENCE,Sub-Component,48.68988764,1.2,98.7,Jan-99,28.42451745,2.4,21.9,47.5,75.6,93.9,40.2,18.2,17,63.4,96.3,60.9,42.6,74.3,24.3,98.7,25.6,84.1,51.2,19.5,19.5,53.6,36.5,87.8,7.3,7.3,70.7,14.6,65.8,31.7,13.4,79.2,78,78,43.9,57.3,28,46.3,46.3,29.2,4.8,71.9,68.2,32.9,85.3,39,6,59.7,81.7,12.1,41.4,30.4,30.4,89,62.1,50,15.8,15.8,26.8,9.7,97.5,90.2,45.1,54.8,37.8,95.1,20.7,52.4,73.1,67,3.6,8.5,56,56,64.6,82.9,34.1,34.1,69.5,35.3,10.9,92.6,86.5,91.4,58.5,23.1,76.8,1.2,80.4,48.7
3.7) OPEN DATA,Sub-Component,45.43996471,1.1,95.4,Jan-95,27.15478542,.,14.85,12.9,53.933,92.467,69.7,54.667,24.4,65.8,34.5,83.233,47.333,19.1,44.167,95.4,30.5,79.667,56.333,80.7,80.7,23.5,16.4,72.9,16.4,16.4,74.333,44.933,.,.,20.633,7,27.45,27.45,42.2,49.8,82.533,68.8,68.8,.,31.15,70.1,48.25,85.35,20,52.9,10.45,1.1,45.233,42.033,35.2,89.767,89.767,91.7,44.067,25.5,18.633,18.633,33.35,40.267,91.95,68.3,4.7,39.133,70,42.333,76.8,35.133,19.733,72.033,9.4,22,35.15,35.15,34.7,29.15,66.533,66.533,12.9,28.967,60.767,48.467,93.7,94.7,2.55,26.6,50.25,16.033,6.967,8.433
